<?xml version="1.0" encoding="UTF-8" ?>
<gpx version="1.1" xmlns:xsi="http://www.w3.org/2001/XMLSchema-instance" 
    xmlns="http://www.topografix.com/GPX/1/1" 
    xsi:schemaLocation="http://www.topografix.com/GPX/1/1 http://www.topografix.com/GPX/1/1/gpx.xsd" 
    creator="Openrunner - https://www.openrunner.com" >
				<wpt lat="48.788505" lon="2.179128">
				 	<ele>0</ele>
				 	<name><![CDATA[VV1]]></name>
				 	<desc><![CDATA[]]></desc>
					<sym>5</sym>
				</wpt>
			
				<wpt lat="48.782945" lon="2.017231">
				 	<ele>0</ele>
				 	<name><![CDATA[T1]]></name>
				 	<desc><![CDATA[]]></desc>
					<sym>5</sym>
				</wpt>
			
				<wpt lat="48.790270" lon="2.022709">
				 	<ele>0</ele>
				 	<name><![CDATA[T2]]></name>
				 	<desc><![CDATA[]]></desc>
					<sym>5</sym>
				</wpt>
			
				<wpt lat="48.789280" lon="2.024130">
				 	<ele>0</ele>
				 	<name><![CDATA[T3]]></name>
				 	<desc><![CDATA[]]></desc>
					<sym>5</sym>
				</wpt>
			
				<wpt lat="48.787381" lon="2.033308">
				 	<ele>0</ele>
				 	<name><![CDATA[T4]]></name>
				 	<desc><![CDATA[]]></desc>
					<sym>5</sym>
				</wpt>
			
				<wpt lat="48.789623" lon="2.034817">
				 	<ele>0</ele>
				 	<name><![CDATA[MB1]]></name>
				 	<desc><![CDATA[]]></desc>
					<sym>5</sym>
				</wpt>
			
				<wpt lat="48.785439" lon="2.046282">
				 	<ele>0</ele>
				 	<name><![CDATA[MB2]]></name>
				 	<desc><![CDATA[]]></desc>
					<sym>5</sym>
				</wpt>
			
				<wpt lat="48.777993" lon="2.062251">
				 	<ele>0</ele>
				 	<name><![CDATA[G1]]></name>
				 	<desc><![CDATA[]]></desc>
					<sym>5</sym>
				</wpt>
			
				<wpt lat="48.771190" lon="2.121423">
				 	<ele>0</ele>
				 	<name><![CDATA[B2]]></name>
				 	<desc><![CDATA[]]></desc>
					<sym>5</sym>
				</wpt>
			
				<wpt lat="48.771430" lon="2.123826">
				 	<ele>0</ele>
				 	<name><![CDATA[B3]]></name>
				 	<desc><![CDATA[]]></desc>
					<sym>5</sym>
				</wpt>
			
				<wpt lat="48.771738" lon="2.124196">
				 	<ele>0</ele>
				 	<name><![CDATA[B4]]></name>
				 	<desc><![CDATA[]]></desc>
					<sym>5</sym>
				</wpt>
			
				<wpt lat="48.773808" lon="2.126004">
				 	<ele>0</ele>
				 	<name><![CDATA[B5]]></name>
				 	<desc><![CDATA[]]></desc>
					<sym>5</sym>
				</wpt>
			
				<wpt lat="48.782673" lon="2.129832">
				 	<ele>0</ele>
				 	<name><![CDATA[B6]]></name>
				 	<desc><![CDATA[]]></desc>
					<sym>5</sym>
				</wpt>
			
				<wpt lat="48.784353" lon="2.132487">
				 	<ele>0</ele>
				 	<name><![CDATA[B7]]></name>
				 	<desc><![CDATA[]]></desc>
					<sym>5</sym>
				</wpt>
			
				<wpt lat="48.771624" lon="2.147642">
				 	<ele>0</ele>
				 	<name><![CDATA[JJ1]]></name>
				 	<desc><![CDATA[]]></desc>
					<sym>5</sym>
				</wpt>
			
				<wpt lat="48.797625" lon="2.232339">
				 	<ele>0</ele>
				 	<name><![CDATA[M2]]></name>
				 	<desc><![CDATA[]]></desc>
					<sym>5</sym>
				</wpt>
			
				<wpt lat="48.795344" lon="2.232247">
				 	<ele>0</ele>
				 	<name><![CDATA[M1]]></name>
				 	<desc><![CDATA[]]></desc>
					<sym>5</sym>
				</wpt>
			
				<wpt lat="48.797999" lon="2.218595">
				 	<ele>0</ele>
				 	<name><![CDATA[M3]]></name>
				 	<desc><![CDATA[]]></desc>
					<sym>5</sym>
				</wpt>
			
				<wpt lat="48.808443" lon="2.195621">
				 	<ele>0</ele>
				 	<name><![CDATA[C2]]></name>
				 	<desc><![CDATA[]]></desc>
					<sym>5</sym>
				</wpt>
			
				<wpt lat="48.808596" lon="2.195790">
				 	<ele>0</ele>
				 	<name><![CDATA[C3]]></name>
				 	<desc><![CDATA[]]></desc>
					<sym>5</sym>
				</wpt>
			
				<wpt lat="48.815106" lon="2.196699">
				 	<ele>0</ele>
				 	<name><![CDATA[C4]]></name>
				 	<desc><![CDATA[]]></desc>
					<sym>5</sym>
				</wpt>
			
				<wpt lat="48.815828" lon="2.195602">
				 	<ele>0</ele>
				 	<name><![CDATA[C5]]></name>
				 	<desc><![CDATA[]]></desc>
					<sym>5</sym>
				</wpt>
			
				<wpt lat="48.816427" lon="2.194722">
				 	<ele>0</ele>
				 	<name><![CDATA[C6]]></name>
				 	<desc><![CDATA[]]></desc>
					<sym>5</sym>
				</wpt>
			
				<wpt lat="48.816600" lon="2.193848">
				 	<ele>0</ele>
				 	<name><![CDATA[C7]]></name>
				 	<desc><![CDATA[]]></desc>
					<sym>5</sym>
				</wpt>
			
				<wpt lat="48.817468" lon="2.192668">
				 	<ele>0</ele>
				 	<name><![CDATA[C9]]></name>
				 	<desc><![CDATA[]]></desc>
					<sym>5</sym>
				</wpt>
			
				<wpt lat="48.817206" lon="2.193137">
				 	<ele>0</ele>
				 	<name><![CDATA[C8]]></name>
				 	<desc><![CDATA[]]></desc>
					<sym>5</sym>
				</wpt>
			
				<wpt lat="48.818468" lon="2.166167">
				 	<ele>0</ele>
				 	<name><![CDATA[VA2]]></name>
				 	<desc><![CDATA[]]></desc>
					<sym>5</sym>
				</wpt>
			
				<wpt lat="48.823266" lon="2.165889">
				 	<ele>0</ele>
				 	<name><![CDATA[VA3]]></name>
				 	<desc><![CDATA[]]></desc>
					<sym>5</sym>
				</wpt>
			
				<wpt lat="48.835387" lon="2.170126">
				 	<ele>0</ele>
				 	<name><![CDATA[MC4]]></name>
				 	<desc><![CDATA[]]></desc>
					<sym>5</sym>
				</wpt>
			
				<wpt lat="48.831875" lon="2.180830">
				 	<ele>0</ele>
				 	<name><![CDATA[SC4]]></name>
				 	<desc><![CDATA[]]></desc>
					<sym>5</sym>
				</wpt>
			
				<wpt lat="48.835728" lon="2.209724">
				 	<ele>0</ele>
				 	<name><![CDATA[SC5]]></name>
				 	<desc><![CDATA[]]></desc>
					<sym>5</sym>
				</wpt>
			
				<wpt lat="48.835886" lon="2.209914">
				 	<ele>0</ele>
				 	<name><![CDATA[SC6]]></name>
				 	<desc><![CDATA[]]></desc>
					<sym>5</sym>
				</wpt>
			
				<wpt lat="48.835131" lon="2.214595">
				 	<ele>0</ele>
				 	<name><![CDATA[SC7]]></name>
				 	<desc><![CDATA[]]></desc>
					<sym>5</sym>
				</wpt>
			
				<wpt lat="48.835410" lon="2.217044">
				 	<ele>0</ele>
				 	<name><![CDATA[SC8]]></name>
				 	<desc><![CDATA[]]></desc>
					<sym>5</sym>
				</wpt>
			
				<wpt lat="48.831874" lon="2.217740">
				 	<ele>0</ele>
				 	<name><![CDATA[SC9]]></name>
				 	<desc><![CDATA[]]></desc>
					<sym>5</sym>
				</wpt>
			
				<wpt lat="48.831182" lon="2.217897">
				 	<ele>0</ele>
				 	<name><![CDATA[SC10]]></name>
				 	<desc><![CDATA[]]></desc>
					<sym>5</sym>
				</wpt>
			
				<wpt lat="48.829545" lon="2.223210">
				 	<ele>0</ele>
				 	<name><![CDATA[S1]]></name>
				 	<desc><![CDATA[]]></desc>
					<sym>5</sym>
				</wpt>
			
				<wpt lat="48.821246" lon="2.248790">
				 	<ele>0</ele>
				 	<name><![CDATA[M4]]></name>
				 	<desc><![CDATA[]]></desc>
					<sym>5</sym>
				</wpt>
			
				<wpt lat="48.829760" lon="2.260721">
				 	<ele>0</ele>
				 	<name><![CDATA[IM1]]></name>
				 	<desc><![CDATA[]]></desc>
					<sym>5</sym>
				</wpt>
			
				<wpt lat="48.855548" lon="2.287613">
				 	<ele>0</ele>
				 	<name><![CDATA[P1]]></name>
				 	<desc><![CDATA[]]></desc>
					<sym>5</sym>
				</wpt>
			
				<wpt lat="48.854752" lon="2.288417">
				 	<ele>0</ele>
				 	<name><![CDATA[P2]]></name>
				 	<desc><![CDATA[]]></desc>
					<sym>5</sym>
				</wpt>
			
				<wpt lat="48.858969" lon="2.292357">
				 	<ele>0</ele>
				 	<name><![CDATA[P3]]></name>
				 	<desc><![CDATA[]]></desc>
					<sym>5</sym>
				</wpt>
			
				<wpt lat="48.859156" lon="2.292937">
				 	<ele>0</ele>
				 	<name><![CDATA[P4]]></name>
				 	<desc><![CDATA[]]></desc>
					<sym>5</sym>
				</wpt>
			
				<wpt lat="48.858887" lon="2.293261">
				 	<ele>0</ele>
				 	<name><![CDATA[P5]]></name>
				 	<desc><![CDATA[]]></desc>
					<sym>5</sym>
				</wpt>
			
				<wpt lat="48.858111" lon="2.292366">
				 	<ele>0</ele>
				 	<name><![CDATA[P6]]></name>
				 	<desc><![CDATA[]]></desc>
					<sym>5</sym>
				</wpt>
			
				<wpt lat="48.857929" lon="2.292652">
				 	<ele>0</ele>
				 	<name><![CDATA[P7]]></name>
				 	<desc><![CDATA[]]></desc>
					<sym>5</sym>
				</wpt>
			
				<wpt lat="48.857301" lon="2.293352">
				 	<ele>0</ele>
				 	<name><![CDATA[P8]]></name>
				 	<desc><![CDATA[]]></desc>
					<sym>5</sym>
				</wpt>
			
				<wpt lat="48.857090" lon="2.293964">
				 	<ele>0</ele>
				 	<name><![CDATA[P9]]></name>
				 	<desc><![CDATA[]]></desc>
					<sym>5</sym>
				</wpt>
			
				<wpt lat="48.803576" lon="2.194600">
				 	<ele>0</ele>
				 	<name><![CDATA[C1]]></name>
				 	<desc><![CDATA[]]></desc>
					<sym>5</sym>
				</wpt>
			
				<wpt lat="48.829665" lon="2.218166">
				 	<ele>0</ele>
				 	<name><![CDATA[SC11]]></name>
				 	<desc><![CDATA[]]></desc>
					<sym>5</sym>
				</wpt>
			
				<wpt lat="48.772636" lon="2.119256">
				 	<ele>0</ele>
				 	<name><![CDATA[B1]]></name>
				 	<desc><![CDATA[]]></desc>
					<sym>5</sym>
				</wpt>
			
				<wpt lat="48.849051" lon="2.280496">
				 	<ele>0</ele>
				 	<name><![CDATA[P0(1)]]></name>
				 	<desc><![CDATA[]]></desc>
					<sym>5</sym>
				</wpt>
			
				<wpt lat="48.850254" lon="2.282223">
				 	<ele>0</ele>
				 	<name><![CDATA[P0(2)]]></name>
				 	<desc><![CDATA[]]></desc>
					<sym>5</sym>
				</wpt>
			
				<wpt lat="48.849683" lon="2.281392">
				 	<ele>0</ele>
				 	<name><![CDATA[P0(3)]]></name>
				 	<desc><![CDATA[]]></desc>
					<sym>5</sym>
				</wpt>
			
				<wpt lat="48.850372" lon="2.280228">
				 	<ele>0</ele>
				 	<name><![CDATA[P0(4)]]></name>
				 	<desc><![CDATA[]]></desc>
					<sym>5</sym>
				</wpt>
			
				<wpt lat="48.770628" lon="2.123472">
				 	<ele>0</ele>
				 	<name><![CDATA[Ravitaillement BUC]]></name>
				 	<desc><![CDATA[]]></desc>
					<sym>3</sym>
				</wpt>
			
				<wpt lat="48.804284" lon="2.246997">
				 	<ele>0</ele>
				 	<name><![CDATA[Ravitaillement MEUDON]]></name>
				 	<desc><![CDATA[]]></desc>
					<sym>3</sym>
				</wpt>
			
				<wpt lat="48.803927" lon="2.193272">
				 	<ele>0</ele>
				 	<name><![CDATA[Ravitaillement CHAVILLE]]></name>
				 	<desc><![CDATA[]]></desc>
					<sym>3</sym>
				</wpt>
			
				<wpt lat="48.830950" lon="2.222432">
				 	<ele>0</ele>
				 	<name><![CDATA[Ravitaillement ST-CLOUD]]></name>
				 	<desc><![CDATA[]]></desc>
					<sym>3</sym>
				</wpt>
			
				<wpt lat="48.835468" lon="2.170194">
				 	<ele>0</ele>
				 	<name><![CDATA[BH - Grille COMBAT]]></name>
				 	<desc><![CDATA[]]></desc>
					<sym>53</sym>
				</wpt>
				<trk>
						<name>ETP25_80km_TEST-18930778</name>
						<trkseg>
					<trkpt lat="48.782580" lon="2.008700">
						<ele>161</ele>
						<time>2024-05-16T14:29:16Z</time>
					</trkpt>
					<trkpt lat="48.782670" lon="2.009370">
						<ele>162</ele>
						<time>2024-05-16T14:29:39Z</time>
					</trkpt>
					<trkpt lat="48.782740" lon="2.009650">
						<ele>162</ele>
						<time>2024-05-16T14:29:48Z</time>
					</trkpt>
					<trkpt lat="48.782780" lon="2.009940">
						<ele>162</ele>
						<time>2024-05-16T14:29:58Z</time>
					</trkpt>
					<trkpt lat="48.782790" lon="2.010560">
						<ele>162</ele>
						<time>2024-05-16T14:30:19Z</time>
					</trkpt>
					<trkpt lat="48.782830" lon="2.010860">
						<ele>162</ele>
						<time>2024-05-16T14:30:29Z</time>
					</trkpt>
					<trkpt lat="48.782790" lon="2.011020">
						<ele>162</ele>
						<time>2024-05-16T14:30:34Z</time>
					</trkpt>
					<trkpt lat="48.782760" lon="2.011340">
						<ele>162</ele>
						<time>2024-05-16T14:30:45Z</time>
					</trkpt>
					<trkpt lat="48.782580" lon="2.012030">
						<ele>162</ele>
						<time>2024-05-16T14:31:10Z</time>
					</trkpt>
					<trkpt lat="48.782540" lon="2.012480">
						<ele>163</ele>
						<time>2024-05-16T14:31:24Z</time>
					</trkpt>
					<trkpt lat="48.782550" lon="2.012950">
						<ele>164</ele>
						<time>2024-05-16T14:31:40Z</time>
					</trkpt>
					<trkpt lat="48.782570" lon="2.013090">
						<ele>164</ele>
						<time>2024-05-16T14:31:45Z</time>
					</trkpt>
					<trkpt lat="48.782710" lon="2.013370">
						<ele>165</ele>
						<time>2024-05-16T14:31:56Z</time>
					</trkpt>
					<trkpt lat="48.782750" lon="2.013500">
						<ele>165</ele>
						<time>2024-05-16T14:32:01Z</time>
					</trkpt>
					<trkpt lat="48.782790" lon="2.013880">
						<ele>166</ele>
						<time>2024-05-16T14:32:14Z</time>
					</trkpt>
					<trkpt lat="48.782820" lon="2.014670">
						<ele>166</ele>
						<time>2024-05-16T14:32:40Z</time>
					</trkpt>
					<trkpt lat="48.782860" lon="2.014980">
						<ele>166</ele>
						<time>2024-05-16T14:32:50Z</time>
					</trkpt>
					<trkpt lat="48.782870" lon="2.015470">
						<ele>167</ele>
						<time>2024-05-16T14:33:06Z</time>
					</trkpt>
					<trkpt lat="48.782900" lon="2.015610">
						<ele>167</ele>
						<time>2024-05-16T14:33:11Z</time>
					</trkpt>
					<trkpt lat="48.782980" lon="2.017020">
						<ele>168</ele>
						<time>2024-05-16T14:33:58Z</time>
					</trkpt>
					<trkpt lat="48.782940" lon="2.017260">
						<ele>168</ele>
						<time>2024-05-16T14:34:06Z</time>
					</trkpt>
					<trkpt lat="48.782930" lon="2.017760">
						<ele>168</ele>
						<time>2024-05-16T14:34:23Z</time>
					</trkpt>
					<trkpt lat="48.782950" lon="2.018760">
						<ele>166</ele>
						<time>2024-05-16T14:34:56Z</time>
					</trkpt>
					<trkpt lat="48.782880" lon="2.019030">
						<ele>165</ele>
						<time>2024-05-16T14:35:05Z</time>
					</trkpt>
					<trkpt lat="48.782620" lon="2.019230">
						<ele>165</ele>
						<time>2024-05-16T14:35:20Z</time>
					</trkpt>
					<trkpt lat="48.782200" lon="2.019720">
						<ele>166</ele>
						<time>2024-05-16T14:35:46Z</time>
					</trkpt>
					<trkpt lat="48.782120" lon="2.019960">
						<ele>166</ele>
						<time>2024-05-16T14:35:55Z</time>
					</trkpt>
					<trkpt lat="48.782140" lon="2.020200">
						<ele>165</ele>
						<time>2024-05-16T14:36:03Z</time>
					</trkpt>
					<trkpt lat="48.782210" lon="2.020480">
						<ele>165</ele>
						<time>2024-05-16T14:36:13Z</time>
					</trkpt>
					<trkpt lat="48.782430" lon="2.021100">
						<ele>165</ele>
						<time>2024-05-16T14:36:36Z</time>
					</trkpt>
					<trkpt lat="48.782730" lon="2.021820">
						<ele>164</ele>
						<time>2024-05-16T14:37:04Z</time>
					</trkpt>
					<trkpt lat="48.782880" lon="2.022780">
						<ele>165</ele>
						<time>2024-05-16T14:37:37Z</time>
					</trkpt>
					<trkpt lat="48.782900" lon="2.023160">
						<ele>165</ele>
						<time>2024-05-16T14:37:49Z</time>
					</trkpt>
					<trkpt lat="48.782870" lon="2.023660">
						<ele>165</ele>
						<time>2024-05-16T14:38:06Z</time>
					</trkpt>
					<trkpt lat="48.782750" lon="2.024480">
						<ele>166</ele>
						<time>2024-05-16T14:38:34Z</time>
					</trkpt>
					<trkpt lat="48.782690" lon="2.024790">
						<ele>166</ele>
						<time>2024-05-16T14:38:44Z</time>
					</trkpt>
					<trkpt lat="48.782550" lon="2.025250">
						<ele>166</ele>
						<time>2024-05-16T14:39:01Z</time>
					</trkpt>
					<trkpt lat="48.782320" lon="2.025820">
						<ele>165</ele>
						<time>2024-05-16T14:39:23Z</time>
					</trkpt>
					<trkpt lat="48.782290" lon="2.026420">
						<ele>165</ele>
						<time>2024-05-16T14:39:43Z</time>
					</trkpt>
					<trkpt lat="48.782380" lon="2.028360">
						<ele>166</ele>
						<time>2024-05-16T14:40:47Z</time>
					</trkpt>
					<trkpt lat="48.782470" lon="2.028950">
						<ele>166</ele>
						<time>2024-05-16T14:41:07Z</time>
					</trkpt>
					<trkpt lat="48.782610" lon="2.029500">
						<ele>165</ele>
						<time>2024-05-16T14:41:26Z</time>
					</trkpt>
					<trkpt lat="48.782830" lon="2.030090">
						<ele>163</ele>
						<time>2024-05-16T14:41:49Z</time>
					</trkpt>
					<trkpt lat="48.783010" lon="2.030320">
						<ele>163</ele>
						<time>2024-05-16T14:42:01Z</time>
					</trkpt>
					<trkpt lat="48.783320" lon="2.030530">
						<ele>164</ele>
						<time>2024-05-16T14:42:18Z</time>
					</trkpt>
					<trkpt lat="48.783630" lon="2.026580">
						<ele>161</ele>
						<time>2024-05-16T14:44:29Z</time>
					</trkpt>
					<trkpt lat="48.783570" lon="2.026360">
						<ele>161</ele>
						<time>2024-05-16T14:44:37Z</time>
					</trkpt>
					<trkpt lat="48.783650" lon="2.024350">
						<ele>165</ele>
						<time>2024-05-16T14:45:43Z</time>
					</trkpt>
					<trkpt lat="48.784000" lon="2.024110">
						<ele>162</ele>
						<time>2024-05-16T14:46:02Z</time>
					</trkpt>
					<trkpt lat="48.784110" lon="2.023670">
						<ele>162</ele>
						<time>2024-05-16T14:46:18Z</time>
					</trkpt>
					<trkpt lat="48.784160" lon="2.022970">
						<ele>162</ele>
						<time>2024-05-16T14:46:41Z</time>
					</trkpt>
					<trkpt lat="48.784010" lon="2.022650">
						<ele>163</ele>
						<time>2024-05-16T14:46:54Z</time>
					</trkpt>
					<trkpt lat="48.783940" lon="2.022170">
						<ele>163</ele>
						<time>2024-05-16T14:47:10Z</time>
					</trkpt>
					<trkpt lat="48.784040" lon="2.021690">
						<ele>163</ele>
						<time>2024-05-16T14:47:27Z</time>
					</trkpt>
					<trkpt lat="48.784050" lon="2.021250">
						<ele>164</ele>
						<time>2024-05-16T14:47:41Z</time>
					</trkpt>
					<trkpt lat="48.784130" lon="2.020990">
						<ele>165</ele>
						<time>2024-05-16T14:47:51Z</time>
					</trkpt>
					<trkpt lat="48.784250" lon="2.020160">
						<ele>167</ele>
						<time>2024-05-16T14:48:19Z</time>
					</trkpt>
					<trkpt lat="48.784230" lon="2.019740">
						<ele>168</ele>
						<time>2024-05-16T14:48:33Z</time>
					</trkpt>
					<trkpt lat="48.784360" lon="2.019030">
						<ele>168</ele>
						<time>2024-05-16T14:48:57Z</time>
					</trkpt>
					<trkpt lat="48.784480" lon="2.018630">
						<ele>168</ele>
						<time>2024-05-16T14:49:11Z</time>
					</trkpt>
					<trkpt lat="48.784560" lon="2.018130">
						<ele>169</ele>
						<time>2024-05-16T14:49:28Z</time>
					</trkpt>
					<trkpt lat="48.784710" lon="2.017840">
						<ele>169</ele>
						<time>2024-05-16T14:49:40Z</time>
					</trkpt>
					<trkpt lat="48.784860" lon="2.017770">
						<ele>169</ele>
						<time>2024-05-16T14:49:48Z</time>
					</trkpt>
					<trkpt lat="48.784890" lon="2.017570">
						<ele>169</ele>
						<time>2024-05-16T14:49:55Z</time>
					</trkpt>
					<trkpt lat="48.784810" lon="2.016910">
						<ele>167</ele>
						<time>2024-05-16T14:50:17Z</time>
					</trkpt>
					<trkpt lat="48.784840" lon="2.016580">
						<ele>167</ele>
						<time>2024-05-16T14:50:28Z</time>
					</trkpt>
					<trkpt lat="48.784930" lon="2.016420">
						<ele>167</ele>
						<time>2024-05-16T14:50:35Z</time>
					</trkpt>
					<trkpt lat="48.785050" lon="2.016330">
						<ele>167</ele>
						<time>2024-05-16T14:50:42Z</time>
					</trkpt>
					<trkpt lat="48.785190" lon="2.016270">
						<ele>165</ele>
						<time>2024-05-16T14:50:49Z</time>
					</trkpt>
					<trkpt lat="48.785400" lon="2.016270">
						<ele>163</ele>
						<time>2024-05-16T14:51:00Z</time>
					</trkpt>
					<trkpt lat="48.785500" lon="2.016210">
						<ele>163</ele>
						<time>2024-05-16T14:51:05Z</time>
					</trkpt>
					<trkpt lat="48.785570" lon="2.016070">
						<ele>162</ele>
						<time>2024-05-16T14:51:11Z</time>
					</trkpt>
					<trkpt lat="48.785680" lon="2.015460">
						<ele>161</ele>
						<time>2024-05-16T14:51:32Z</time>
					</trkpt>
					<trkpt lat="48.785900" lon="2.014510">
						<ele>160</ele>
						<time>2024-05-16T14:52:05Z</time>
					</trkpt>
					<trkpt lat="48.785870" lon="2.014370">
						<ele>160</ele>
						<time>2024-05-16T14:52:10Z</time>
					</trkpt>
					<trkpt lat="48.785790" lon="2.014270">
						<ele>160</ele>
						<time>2024-05-16T14:52:15Z</time>
					</trkpt>
					<trkpt lat="48.785590" lon="2.014190">
						<ele>162</ele>
						<time>2024-05-16T14:52:25Z</time>
					</trkpt>
					<trkpt lat="48.785500" lon="2.014100">
						<ele>162</ele>
						<time>2024-05-16T14:52:31Z</time>
					</trkpt>
					<trkpt lat="48.785280" lon="2.013980">
						<ele>164</ele>
						<time>2024-05-16T14:52:42Z</time>
					</trkpt>
					<trkpt lat="48.785190" lon="2.013860">
						<ele>165</ele>
						<time>2024-05-16T14:52:48Z</time>
					</trkpt>
					<trkpt lat="48.785170" lon="2.013700">
						<ele>165</ele>
						<time>2024-05-16T14:52:54Z</time>
					</trkpt>
					<trkpt lat="48.785300" lon="2.013260">
						<ele>163</ele>
						<time>2024-05-16T14:53:10Z</time>
					</trkpt>
					<trkpt lat="48.785310" lon="2.012070">
						<ele>162</ele>
						<time>2024-05-16T14:53:49Z</time>
					</trkpt>
					<trkpt lat="48.785420" lon="2.011760">
						<ele>161</ele>
						<time>2024-05-16T14:54:00Z</time>
					</trkpt>
					<trkpt lat="48.785560" lon="2.011470">
						<ele>161</ele>
						<time>2024-05-16T14:54:12Z</time>
					</trkpt>
					<trkpt lat="48.785560" lon="2.011110">
						<ele>162</ele>
						<time>2024-05-16T14:54:24Z</time>
					</trkpt>
					<trkpt lat="48.785600" lon="2.010800">
						<ele>162</ele>
						<time>2024-05-16T14:54:35Z</time>
					</trkpt>
					<trkpt lat="48.785680" lon="2.010670">
						<ele>162</ele>
						<time>2024-05-16T14:54:40Z</time>
					</trkpt>
					<trkpt lat="48.786180" lon="2.010060">
						<ele>160</ele>
						<time>2024-05-16T14:55:13Z</time>
					</trkpt>
					<trkpt lat="48.786220" lon="2.009920">
						<ele>160</ele>
						<time>2024-05-16T14:55:18Z</time>
					</trkpt>
					<trkpt lat="48.786200" lon="2.009760">
						<ele>160</ele>
						<time>2024-05-16T14:55:23Z</time>
					</trkpt>
					<trkpt lat="48.786020" lon="2.009320">
						<ele>161</ele>
						<time>2024-05-16T14:55:40Z</time>
					</trkpt>
					<trkpt lat="48.785550" lon="2.008570">
						<ele>161</ele>
						<time>2024-05-16T14:56:14Z</time>
					</trkpt>
					<trkpt lat="48.785030" lon="2.007840">
						<ele>162</ele>
						<time>2024-05-16T14:56:50Z</time>
					</trkpt>
					<trkpt lat="48.784790" lon="2.007670">
						<ele>162</ele>
						<time>2024-05-16T14:57:03Z</time>
					</trkpt>
					<trkpt lat="48.784680" lon="2.007690">
						<ele>163</ele>
						<time>2024-05-16T14:57:08Z</time>
					</trkpt>
					<trkpt lat="48.784480" lon="2.007800">
						<ele>163</ele>
						<time>2024-05-16T14:57:19Z</time>
					</trkpt>
					<trkpt lat="48.784360" lon="2.007820">
						<ele>164</ele>
						<time>2024-05-16T14:57:25Z</time>
					</trkpt>
					<trkpt lat="48.784140" lon="2.007820">
						<ele>164</ele>
						<time>2024-05-16T14:57:36Z</time>
					</trkpt>
					<trkpt lat="48.784070" lon="2.007740">
						<ele>164</ele>
						<time>2024-05-16T14:57:40Z</time>
					</trkpt>
					<trkpt lat="48.783980" lon="2.006210">
						<ele>160</ele>
						<time>2024-05-16T14:58:31Z</time>
					</trkpt>
					<trkpt lat="48.783750" lon="2.005860">
						<ele>161</ele>
						<time>2024-05-16T14:58:47Z</time>
					</trkpt>
					<trkpt lat="48.783570" lon="2.005660">
						<ele>162</ele>
						<time>2024-05-16T14:58:59Z</time>
					</trkpt>
					<trkpt lat="48.783330" lon="2.005330">
						<ele>162</ele>
						<time>2024-05-16T14:59:15Z</time>
					</trkpt>
					<trkpt lat="48.782690" lon="2.004560">
						<ele>164</ele>
						<time>2024-05-16T14:59:56Z</time>
					</trkpt>
					<trkpt lat="48.782150" lon="2.003860">
						<ele>163</ele>
						<time>2024-05-16T15:00:31Z</time>
					</trkpt>
					<trkpt lat="48.781990" lon="2.003690">
						<ele>162</ele>
						<time>2024-05-16T15:00:41Z</time>
					</trkpt>
					<trkpt lat="48.781950" lon="2.003560">
						<ele>161</ele>
						<time>2024-05-16T15:00:46Z</time>
					</trkpt>
					<trkpt lat="48.781990" lon="2.003410">
						<ele>161</ele>
						<time>2024-05-16T15:00:51Z</time>
					</trkpt>
					<trkpt lat="48.782070" lon="2.003310">
						<ele>162</ele>
						<time>2024-05-16T15:00:56Z</time>
					</trkpt>
					<trkpt lat="48.782550" lon="2.003230">
						<ele>165</ele>
						<time>2024-05-16T15:01:20Z</time>
					</trkpt>
					<trkpt lat="48.783500" lon="2.003410">
						<ele>169</ele>
						<time>2024-05-16T15:02:08Z</time>
					</trkpt>
					<trkpt lat="48.783740" lon="2.003430">
						<ele>167</ele>
						<time>2024-05-16T15:02:20Z</time>
					</trkpt>
					<trkpt lat="48.783860" lon="2.003390">
						<ele>167</ele>
						<time>2024-05-16T15:02:26Z</time>
					</trkpt>
					<trkpt lat="48.783980" lon="2.003310">
						<ele>167</ele>
						<time>2024-05-16T15:02:33Z</time>
					</trkpt>
					<trkpt lat="48.784330" lon="2.003000">
						<ele>167</ele>
						<time>2024-05-16T15:02:53Z</time>
					</trkpt>
					<trkpt lat="48.784540" lon="2.002770">
						<ele>167</ele>
						<time>2024-05-16T15:03:06Z</time>
					</trkpt>
					<trkpt lat="48.784800" lon="2.002590">
						<ele>166</ele>
						<time>2024-05-16T15:03:21Z</time>
					</trkpt>
					<trkpt lat="48.784890" lon="2.002470">
						<ele>166</ele>
						<time>2024-05-16T15:03:27Z</time>
					</trkpt>
					<trkpt lat="48.784970" lon="2.002290">
						<ele>166</ele>
						<time>2024-05-16T15:03:34Z</time>
					</trkpt>
					<trkpt lat="48.785090" lon="2.001960">
						<ele>166</ele>
						<time>2024-05-16T15:03:46Z</time>
					</trkpt>
					<trkpt lat="48.785150" lon="2.001470">
						<ele>166</ele>
						<time>2024-05-16T15:04:03Z</time>
					</trkpt>
					<trkpt lat="48.785320" lon="2.001120">
						<ele>165</ele>
						<time>2024-05-16T15:04:17Z</time>
					</trkpt>
					<trkpt lat="48.785550" lon="2.000400">
						<ele>164</ele>
						<time>2024-05-16T15:04:43Z</time>
					</trkpt>
					<trkpt lat="48.785570" lon="2.000090">
						<ele>163</ele>
						<time>2024-05-16T15:04:54Z</time>
					</trkpt>
					<trkpt lat="48.785670" lon="1.999730">
						<ele>163</ele>
						<time>2024-05-16T15:05:06Z</time>
					</trkpt>
					<trkpt lat="48.785790" lon="1.999380">
						<ele>163</ele>
						<time>2024-05-16T15:05:19Z</time>
					</trkpt>
					<trkpt lat="48.785970" lon="1.999140">
						<ele>163</ele>
						<time>2024-05-16T15:05:31Z</time>
					</trkpt>
					<trkpt lat="48.786300" lon="1.998160">
						<ele>163</ele>
						<time>2024-05-16T15:06:08Z</time>
					</trkpt>
					<trkpt lat="48.786270" lon="1.997970">
						<ele>163</ele>
						<time>2024-05-16T15:06:14Z</time>
					</trkpt>
					<trkpt lat="48.786010" lon="1.997890">
						<ele>164</ele>
						<time>2024-05-16T15:06:27Z</time>
					</trkpt>
					<trkpt lat="48.785440" lon="1.997500">
						<ele>165</ele>
						<time>2024-05-16T15:06:59Z</time>
					</trkpt>
					<trkpt lat="48.785140" lon="1.997220">
						<ele>166</ele>
						<time>2024-05-16T15:07:16Z</time>
					</trkpt>
					<trkpt lat="48.785050" lon="1.997100">
						<ele>166</ele>
						<time>2024-05-16T15:07:22Z</time>
					</trkpt>
					<trkpt lat="48.785040" lon="1.996930">
						<ele>166</ele>
						<time>2024-05-16T15:07:28Z</time>
					</trkpt>
					<trkpt lat="48.785150" lon="1.996300">
						<ele>165</ele>
						<time>2024-05-16T15:07:49Z</time>
					</trkpt>
					<trkpt lat="48.785160" lon="1.995960">
						<ele>164</ele>
						<time>2024-05-16T15:08:01Z</time>
					</trkpt>
					<trkpt lat="48.785270" lon="1.995910">
						<ele>164</ele>
						<time>2024-05-16T15:08:06Z</time>
					</trkpt>
					<trkpt lat="48.785330" lon="1.995770">
						<ele>164</ele>
						<time>2024-05-16T15:08:12Z</time>
					</trkpt>
					<trkpt lat="48.785390" lon="1.995200">
						<ele>164</ele>
						<time>2024-05-16T15:08:31Z</time>
					</trkpt>
					<trkpt lat="48.785470" lon="1.995050">
						<ele>165</ele>
						<time>2024-05-16T15:08:37Z</time>
					</trkpt>
					<trkpt lat="48.785590" lon="1.995030">
						<ele>165</ele>
						<time>2024-05-16T15:08:43Z</time>
					</trkpt>
					<trkpt lat="48.785710" lon="1.995080">
						<ele>165</ele>
						<time>2024-05-16T15:08:50Z</time>
					</trkpt>
					<trkpt lat="48.785830" lon="1.995200">
						<ele>165</ele>
						<time>2024-05-16T15:08:57Z</time>
					</trkpt>
					<trkpt lat="48.785980" lon="1.995570">
						<ele>165</ele>
						<time>2024-05-16T15:09:11Z</time>
					</trkpt>
					<trkpt lat="48.786050" lon="1.995680">
						<ele>165</ele>
						<time>2024-05-16T15:09:16Z</time>
					</trkpt>
					<trkpt lat="48.786210" lon="1.995810">
						<ele>165</ele>
						<time>2024-05-16T15:09:25Z</time>
					</trkpt>
					<trkpt lat="48.786340" lon="1.995860">
						<ele>165</ele>
						<time>2024-05-16T15:09:32Z</time>
					</trkpt>
					<trkpt lat="48.786480" lon="1.995870">
						<ele>165</ele>
						<time>2024-05-16T15:09:39Z</time>
					</trkpt>
					<trkpt lat="48.786910" lon="1.996160">
						<ele>166</ele>
						<time>2024-05-16T15:10:03Z</time>
					</trkpt>
					<trkpt lat="48.787030" lon="1.996170">
						<ele>167</ele>
						<time>2024-05-16T15:10:09Z</time>
					</trkpt>
					<trkpt lat="48.787100" lon="1.996020">
						<ele>167</ele>
						<time>2024-05-16T15:10:15Z</time>
					</trkpt>
					<trkpt lat="48.787260" lon="1.995370">
						<ele>167</ele>
						<time>2024-05-16T15:10:37Z</time>
					</trkpt>
					<trkpt lat="48.787730" lon="1.994420">
						<ele>166</ele>
						<time>2024-05-16T15:11:17Z</time>
					</trkpt>
					<trkpt lat="48.787970" lon="1.994160">
						<ele>165</ele>
						<time>2024-05-16T15:11:31Z</time>
					</trkpt>
					<trkpt lat="48.788070" lon="1.994140">
						<ele>165</ele>
						<time>2024-05-16T15:11:36Z</time>
					</trkpt>
					<trkpt lat="48.788210" lon="1.994210">
						<ele>165</ele>
						<time>2024-05-16T15:11:44Z</time>
					</trkpt>
					<trkpt lat="48.788440" lon="1.994400">
						<ele>165</ele>
						<time>2024-05-16T15:11:57Z</time>
					</trkpt>
					<trkpt lat="48.788600" lon="1.994460">
						<ele>164</ele>
						<time>2024-05-16T15:12:05Z</time>
					</trkpt>
					<trkpt lat="48.788750" lon="1.994410">
						<ele>163</ele>
						<time>2024-05-16T15:12:13Z</time>
					</trkpt>
					<trkpt lat="48.788990" lon="1.994270">
						<ele>163</ele>
						<time>2024-05-16T15:12:26Z</time>
					</trkpt>
					<trkpt lat="48.789180" lon="1.994270">
						<ele>162</ele>
						<time>2024-05-16T15:12:35Z</time>
					</trkpt>
					<trkpt lat="48.789270" lon="1.994200">
						<ele>162</ele>
						<time>2024-05-16T15:12:40Z</time>
					</trkpt>
					<trkpt lat="48.789620" lon="1.993440">
						<ele>164</ele>
						<time>2024-05-16T15:13:11Z</time>
					</trkpt>
					<trkpt lat="48.789720" lon="1.993350">
						<ele>164</ele>
						<time>2024-05-16T15:13:17Z</time>
					</trkpt>
					<trkpt lat="48.789920" lon="1.993320">
						<ele>164</ele>
						<time>2024-05-16T15:13:27Z</time>
					</trkpt>
					<trkpt lat="48.790180" lon="1.993440">
						<ele>164</ele>
						<time>2024-05-16T15:13:40Z</time>
					</trkpt>
					<trkpt lat="48.790380" lon="1.993400">
						<ele>164</ele>
						<time>2024-05-16T15:13:50Z</time>
					</trkpt>
					<trkpt lat="48.790640" lon="1.993400">
						<ele>163</ele>
						<time>2024-05-16T15:14:03Z</time>
					</trkpt>
					<trkpt lat="48.790730" lon="1.993290">
						<ele>163</ele>
						<time>2024-05-16T15:14:09Z</time>
					</trkpt>
					<trkpt lat="48.790960" lon="1.992880">
						<ele>163</ele>
						<time>2024-05-16T15:14:27Z</time>
					</trkpt>
					<trkpt lat="48.791320" lon="1.992360">
						<ele>164</ele>
						<time>2024-05-16T15:14:52Z</time>
					</trkpt>
					<trkpt lat="48.791430" lon="1.992260">
						<ele>164</ele>
						<time>2024-05-16T15:14:58Z</time>
					</trkpt>
					<trkpt lat="48.791560" lon="1.992190">
						<ele>164</ele>
						<time>2024-05-16T15:15:05Z</time>
					</trkpt>
					<trkpt lat="48.791690" lon="1.992150">
						<ele>165</ele>
						<time>2024-05-16T15:15:12Z</time>
					</trkpt>
					<trkpt lat="48.791810" lon="1.992200">
						<ele>165</ele>
						<time>2024-05-16T15:15:18Z</time>
					</trkpt>
					<trkpt lat="48.792200" lon="1.992650">
						<ele>165</ele>
						<time>2024-05-16T15:15:43Z</time>
					</trkpt>
					<trkpt lat="48.792530" lon="1.992970">
						<ele>165</ele>
						<time>2024-05-16T15:16:02Z</time>
					</trkpt>
					<trkpt lat="48.792840" lon="1.993370">
						<ele>164</ele>
						<time>2024-05-16T15:16:22Z</time>
					</trkpt>
					<trkpt lat="48.793030" lon="1.993570">
						<ele>164</ele>
						<time>2024-05-16T15:16:34Z</time>
					</trkpt>
					<trkpt lat="48.793120" lon="1.993630">
						<ele>164</ele>
						<time>2024-05-16T15:16:39Z</time>
					</trkpt>
					<trkpt lat="48.793450" lon="1.994000">
						<ele>164</ele>
						<time>2024-05-16T15:17:00Z</time>
					</trkpt>
					<trkpt lat="48.793840" lon="1.994380">
						<ele>164</ele>
						<time>2024-05-16T15:17:23Z</time>
					</trkpt>
					<trkpt lat="48.794340" lon="1.995020">
						<ele>166</ele>
						<time>2024-05-16T15:17:55Z</time>
					</trkpt>
					<trkpt lat="48.794410" lon="1.995150">
						<ele>165</ele>
						<time>2024-05-16T15:18:01Z</time>
					</trkpt>
					<trkpt lat="48.794430" lon="1.995350">
						<ele>165</ele>
						<time>2024-05-16T15:18:08Z</time>
					</trkpt>
					<trkpt lat="48.794410" lon="1.995960">
						<ele>165</ele>
						<time>2024-05-16T15:18:28Z</time>
					</trkpt>
					<trkpt lat="48.794370" lon="1.996370">
						<ele>164</ele>
						<time>2024-05-16T15:18:41Z</time>
					</trkpt>
					<trkpt lat="48.794320" lon="1.997650">
						<ele>163</ele>
						<time>2024-05-16T15:19:24Z</time>
					</trkpt>
					<trkpt lat="48.794340" lon="1.997890">
						<ele>163</ele>
						<time>2024-05-16T15:19:32Z</time>
					</trkpt>
					<trkpt lat="48.794530" lon="1.998410">
						<ele>163</ele>
						<time>2024-05-16T15:19:51Z</time>
					</trkpt>
					<trkpt lat="48.794530" lon="1.998930">
						<ele>163</ele>
						<time>2024-05-16T15:20:08Z</time>
					</trkpt>
					<trkpt lat="48.794480" lon="1.999740">
						<ele>165</ele>
						<time>2024-05-16T15:20:35Z</time>
					</trkpt>
					<trkpt lat="48.794450" lon="2.001230">
						<ele>166</ele>
						<time>2024-05-16T15:21:24Z</time>
					</trkpt>
					<trkpt lat="48.794100" lon="2.006200">
						<ele>166</ele>
						<time>2024-05-16T15:24:09Z</time>
					</trkpt>
					<trkpt lat="48.794020" lon="2.006780">
						<ele>166</ele>
						<time>2024-05-16T15:24:29Z</time>
					</trkpt>
					<trkpt lat="48.793970" lon="2.006910">
						<ele>167</ele>
						<time>2024-05-16T15:24:34Z</time>
					</trkpt>
					<trkpt lat="48.793690" lon="2.007210">
						<ele>167</ele>
						<time>2024-05-16T15:24:51Z</time>
					</trkpt>
					<trkpt lat="48.792880" lon="2.007970">
						<ele>168</ele>
						<time>2024-05-16T15:25:38Z</time>
					</trkpt>
					<trkpt lat="48.792130" lon="2.008830">
						<ele>169</ele>
						<time>2024-05-16T15:26:25Z</time>
					</trkpt>
					<trkpt lat="48.790910" lon="2.010040">
						<ele>169</ele>
						<time>2024-05-16T15:27:38Z</time>
					</trkpt>
					<trkpt lat="48.790640" lon="2.010330">
						<ele>169</ele>
						<time>2024-05-16T15:27:55Z</time>
					</trkpt>
					<trkpt lat="48.790570" lon="2.010440">
						<ele>169</ele>
						<time>2024-05-16T15:28:00Z</time>
					</trkpt>
					<trkpt lat="48.790330" lon="2.011620">
						<ele>170</ele>
						<time>2024-05-16T15:28:41Z</time>
					</trkpt>
					<trkpt lat="48.790340" lon="2.012100">
						<ele>170</ele>
						<time>2024-05-16T15:28:57Z</time>
					</trkpt>
					<trkpt lat="48.790410" lon="2.012470">
						<ele>170</ele>
						<time>2024-05-16T15:29:09Z</time>
					</trkpt>
					<trkpt lat="48.790610" lon="2.013220">
						<ele>167</ele>
						<time>2024-05-16T15:29:36Z</time>
					</trkpt>
					<trkpt lat="48.790760" lon="2.013620">
						<ele>167</ele>
						<time>2024-05-16T15:29:51Z</time>
					</trkpt>
					<trkpt lat="48.790800" lon="2.013820">
						<ele>166</ele>
						<time>2024-05-16T15:29:58Z</time>
					</trkpt>
					<trkpt lat="48.790850" lon="2.014680">
						<ele>166</ele>
						<time>2024-05-16T15:30:26Z</time>
					</trkpt>
					<trkpt lat="48.790950" lon="2.014980">
						<ele>166</ele>
						<time>2024-05-16T15:30:38Z</time>
					</trkpt>
					<trkpt lat="48.791120" lon="2.017350">
						<ele>166</ele>
						<time>2024-05-16T15:31:56Z</time>
					</trkpt>
					<trkpt lat="48.790810" lon="2.019830">
						<ele>165</ele>
						<time>2024-05-16T15:33:19Z</time>
					</trkpt>
					<trkpt lat="48.790450" lon="2.022290">
						<ele>165</ele>
						<time>2024-05-16T15:34:42Z</time>
					</trkpt>
					<trkpt lat="48.790410" lon="2.022420">
						<ele>165</ele>
						<time>2024-05-16T15:34:47Z</time>
					</trkpt>
					<trkpt lat="48.790310" lon="2.022540">
						<ele>165</ele>
						<time>2024-05-16T15:34:54Z</time>
					</trkpt>
					<trkpt lat="48.790260" lon="2.022700">
						<ele>166</ele>
						<time>2024-05-16T15:34:59Z</time>
					</trkpt>
					<trkpt lat="48.790110" lon="2.022950">
						<ele>167</ele>
						<time>2024-05-16T15:35:11Z</time>
					</trkpt>
					<trkpt lat="48.789930" lon="2.023160">
						<ele>168</ele>
						<time>2024-05-16T15:35:22Z</time>
					</trkpt>
					<trkpt lat="48.789530" lon="2.023930">
						<ele>166</ele>
						<time>2024-05-16T15:35:54Z</time>
					</trkpt>
					<trkpt lat="48.789480" lon="2.024100">
						<ele>166</ele>
						<time>2024-05-16T15:36:00Z</time>
					</trkpt>
					<trkpt lat="48.789380" lon="2.024160">
						<ele>166</ele>
						<time>2024-05-16T15:36:06Z</time>
					</trkpt>
					<trkpt lat="48.789280" lon="2.024130">
						<ele>165</ele>
						<time>2024-05-16T15:36:11Z</time>
					</trkpt>
					<trkpt lat="48.789220" lon="2.024330">
						<ele>165</ele>
						<time>2024-05-16T15:36:18Z</time>
					</trkpt>
					<trkpt lat="48.789040" lon="2.024230">
						<ele>164</ele>
						<time>2024-05-16T15:36:28Z</time>
					</trkpt>
					<trkpt lat="48.788880" lon="2.024480">
						<ele>163</ele>
						<time>2024-05-16T15:36:39Z</time>
					</trkpt>
					<trkpt lat="48.788660" lon="2.025610">
						<ele>163</ele>
						<time>2024-05-16T15:37:18Z</time>
					</trkpt>
					<trkpt lat="48.788480" lon="2.026790">
						<ele>163</ele>
						<time>2024-05-16T15:37:58Z</time>
					</trkpt>
					<trkpt lat="48.788340" lon="2.027310">
						<ele>163</ele>
						<time>2024-05-16T15:38:16Z</time>
					</trkpt>
					<trkpt lat="48.788100" lon="2.028000">
						<ele>163</ele>
						<time>2024-05-16T15:38:42Z</time>
					</trkpt>
					<trkpt lat="48.788030" lon="2.028790">
						<ele>163</ele>
						<time>2024-05-16T15:39:08Z</time>
					</trkpt>
					<trkpt lat="48.788030" lon="2.029090">
						<ele>163</ele>
						<time>2024-05-16T15:39:18Z</time>
					</trkpt>
					<trkpt lat="48.787890" lon="2.029660">
						<ele>163</ele>
						<time>2024-05-16T15:39:38Z</time>
					</trkpt>
					<trkpt lat="48.787720" lon="2.030170">
						<ele>163</ele>
						<time>2024-05-16T15:39:57Z</time>
					</trkpt>
					<trkpt lat="48.787590" lon="2.030680">
						<ele>164</ele>
						<time>2024-05-16T15:40:15Z</time>
					</trkpt>
					<trkpt lat="48.787420" lon="2.031620">
						<ele>163</ele>
						<time>2024-05-16T15:40:47Z</time>
					</trkpt>
					<trkpt lat="48.787210" lon="2.032300">
						<ele>162</ele>
						<time>2024-05-16T15:41:12Z</time>
					</trkpt>
					<trkpt lat="48.787210" lon="2.032560">
						<ele>162</ele>
						<time>2024-05-16T15:41:21Z</time>
					</trkpt>
					<trkpt lat="48.787290" lon="2.032790">
						<ele>164</ele>
						<time>2024-05-16T15:41:29Z</time>
					</trkpt>
					<trkpt lat="48.787390" lon="2.033330">
						<ele>165</ele>
						<time>2024-05-16T15:41:48Z</time>
					</trkpt>
					<trkpt lat="48.788480" lon="2.034100">
						<ele>165</ele>
						<time>2024-05-16T15:42:48Z</time>
					</trkpt>
					<trkpt lat="48.788520" lon="2.034340">
						<ele>166</ele>
						<time>2024-05-16T15:42:56Z</time>
					</trkpt>
					<trkpt lat="48.788480" lon="2.034390">
						<ele>166</ele>
						<time>2024-05-16T15:42:59Z</time>
					</trkpt>
					<trkpt lat="48.788330" lon="2.034230">
						<ele>165</ele>
						<time>2024-05-16T15:43:08Z</time>
					</trkpt>
					<trkpt lat="48.788150" lon="2.034190">
						<ele>165</ele>
						<time>2024-05-16T15:43:17Z</time>
					</trkpt>
					<trkpt lat="48.787980" lon="2.034240">
						<ele>166</ele>
						<time>2024-05-16T15:43:26Z</time>
					</trkpt>
					<trkpt lat="48.787800" lon="2.034370">
						<ele>166</ele>
						<time>2024-05-16T15:43:36Z</time>
					</trkpt>
					<trkpt lat="48.787650" lon="2.034540">
						<ele>167</ele>
						<time>2024-05-16T15:43:45Z</time>
					</trkpt>
					<trkpt lat="48.787520" lon="2.034940">
						<ele>168</ele>
						<time>2024-05-16T15:44:00Z</time>
					</trkpt>
					<trkpt lat="48.787530" lon="2.035180">
						<ele>168</ele>
						<time>2024-05-16T15:44:08Z</time>
					</trkpt>
					<trkpt lat="48.787600" lon="2.035370">
						<ele>168</ele>
						<time>2024-05-16T15:44:15Z</time>
					</trkpt>
					<trkpt lat="48.787690" lon="2.035510">
						<ele>168</ele>
						<time>2024-05-16T15:44:21Z</time>
					</trkpt>
					<trkpt lat="48.787820" lon="2.035590">
						<ele>168</ele>
						<time>2024-05-16T15:44:28Z</time>
					</trkpt>
					<trkpt lat="48.787930" lon="2.035610">
						<ele>168</ele>
						<time>2024-05-16T15:44:34Z</time>
					</trkpt>
					<trkpt lat="48.788040" lon="2.035600">
						<ele>168</ele>
						<time>2024-05-16T15:44:39Z</time>
					</trkpt>
					<trkpt lat="48.788220" lon="2.035480">
						<ele>169</ele>
						<time>2024-05-16T15:44:49Z</time>
					</trkpt>
					<trkpt lat="48.788470" lon="2.035140">
						<ele>168</ele>
						<time>2024-05-16T15:45:06Z</time>
					</trkpt>
					<trkpt lat="48.788600" lon="2.034730">
						<ele>167</ele>
						<time>2024-05-16T15:45:21Z</time>
					</trkpt>
					<trkpt lat="48.788550" lon="2.034570">
						<ele>166</ele>
						<time>2024-05-16T15:45:27Z</time>
					</trkpt>
					<trkpt lat="48.788600" lon="2.034510">
						<ele>166</ele>
						<time>2024-05-16T15:45:30Z</time>
					</trkpt>
					<trkpt lat="48.788880" lon="2.034880">
						<ele>167</ele>
						<time>2024-05-16T15:45:49Z</time>
					</trkpt>
					<trkpt lat="48.789280" lon="2.035160">
						<ele>169</ele>
						<time>2024-05-16T15:46:11Z</time>
					</trkpt>
					<trkpt lat="48.789700" lon="2.034740">
						<ele>169</ele>
						<time>2024-05-16T15:46:36Z</time>
					</trkpt>
					<trkpt lat="48.789760" lon="2.034620">
						<ele>169</ele>
						<time>2024-05-16T15:46:41Z</time>
					</trkpt>
					<trkpt lat="48.789840" lon="2.034330">
						<ele>168</ele>
						<time>2024-05-16T15:46:51Z</time>
					</trkpt>
					<trkpt lat="48.789940" lon="2.034390">
						<ele>168</ele>
						<time>2024-05-16T15:46:57Z</time>
					</trkpt>
					<trkpt lat="48.790270" lon="2.034890">
						<ele>170</ele>
						<time>2024-05-16T15:47:20Z</time>
					</trkpt>
					<trkpt lat="48.790510" lon="2.035310">
						<ele>170</ele>
						<time>2024-05-16T15:47:38Z</time>
					</trkpt>
					<trkpt lat="48.790550" lon="2.035460">
						<ele>170</ele>
						<time>2024-05-16T15:47:44Z</time>
					</trkpt>
					<trkpt lat="48.790580" lon="2.035850">
						<ele>171</ele>
						<time>2024-05-16T15:47:57Z</time>
					</trkpt>
					<trkpt lat="48.790530" lon="2.036180">
						<ele>172</ele>
						<time>2024-05-16T15:48:08Z</time>
					</trkpt>
					<trkpt lat="48.789710" lon="2.038840">
						<ele>171</ele>
						<time>2024-05-16T15:49:44Z</time>
					</trkpt>
					<trkpt lat="48.789650" lon="2.039500">
						<ele>172</ele>
						<time>2024-05-16T15:50:06Z</time>
					</trkpt>
					<trkpt lat="48.789590" lon="2.039680">
						<ele>172</ele>
						<time>2024-05-16T15:50:13Z</time>
					</trkpt>
					<trkpt lat="48.789520" lon="2.039780">
						<ele>171</ele>
						<time>2024-05-16T15:50:18Z</time>
					</trkpt>
					<trkpt lat="48.789430" lon="2.039830">
						<ele>171</ele>
						<time>2024-05-16T15:50:23Z</time>
					</trkpt>
					<trkpt lat="48.789330" lon="2.039940">
						<ele>171</ele>
						<time>2024-05-16T15:50:29Z</time>
					</trkpt>
					<trkpt lat="48.789100" lon="2.040040">
						<ele>170</ele>
						<time>2024-05-16T15:50:41Z</time>
					</trkpt>
					<trkpt lat="48.788980" lon="2.040120">
						<ele>171</ele>
						<time>2024-05-16T15:50:47Z</time>
					</trkpt>
					<trkpt lat="48.788750" lon="2.040330">
						<ele>172</ele>
						<time>2024-05-16T15:51:01Z</time>
					</trkpt>
					<trkpt lat="48.788620" lon="2.040380">
						<ele>173</ele>
						<time>2024-05-16T15:51:08Z</time>
					</trkpt>
					<trkpt lat="48.788270" lon="2.040280">
						<ele>174</ele>
						<time>2024-05-16T15:51:25Z</time>
					</trkpt>
					<trkpt lat="48.788080" lon="2.040320">
						<ele>172</ele>
						<time>2024-05-16T15:51:35Z</time>
					</trkpt>
					<trkpt lat="48.788030" lon="2.040460">
						<ele>172</ele>
						<time>2024-05-16T15:51:40Z</time>
					</trkpt>
					<trkpt lat="48.788090" lon="2.040800">
						<ele>171</ele>
						<time>2024-05-16T15:51:52Z</time>
					</trkpt>
					<trkpt lat="48.788080" lon="2.041400">
						<ele>169</ele>
						<time>2024-05-16T15:52:12Z</time>
					</trkpt>
					<trkpt lat="48.788140" lon="2.041690">
						<ele>169</ele>
						<time>2024-05-16T15:52:22Z</time>
					</trkpt>
					<trkpt lat="48.788050" lon="2.041780">
						<ele>169</ele>
						<time>2024-05-16T15:52:27Z</time>
					</trkpt>
					<trkpt lat="48.787920" lon="2.041840">
						<ele>168</ele>
						<time>2024-05-16T15:52:34Z</time>
					</trkpt>
					<trkpt lat="48.787710" lon="2.041990">
						<ele>168</ele>
						<time>2024-05-16T15:52:45Z</time>
					</trkpt>
					<trkpt lat="48.787640" lon="2.042080">
						<ele>167</ele>
						<time>2024-05-16T15:52:50Z</time>
					</trkpt>
					<trkpt lat="48.787550" lon="2.042090">
						<ele>167</ele>
						<time>2024-05-16T15:52:55Z</time>
					</trkpt>
					<trkpt lat="48.787250" lon="2.041540">
						<ele>167</ele>
						<time>2024-05-16T15:53:18Z</time>
					</trkpt>
					<trkpt lat="48.787160" lon="2.041600">
						<ele>167</ele>
						<time>2024-05-16T15:53:23Z</time>
					</trkpt>
					<trkpt lat="48.786310" lon="2.042550">
						<ele>163</ele>
						<time>2024-05-16T15:54:16Z</time>
					</trkpt>
					<trkpt lat="48.785970" lon="2.042950">
						<ele>164</ele>
						<time>2024-05-16T15:54:37Z</time>
					</trkpt>
					<trkpt lat="48.785900" lon="2.043070">
						<ele>164</ele>
						<time>2024-05-16T15:54:43Z</time>
					</trkpt>
					<trkpt lat="48.785910" lon="2.043120">
						<ele>164</ele>
						<time>2024-05-16T15:54:44Z</time>
					</trkpt>
					<trkpt lat="48.785990" lon="2.043110">
						<ele>164</ele>
						<time>2024-05-16T15:54:48Z</time>
					</trkpt>
					<trkpt lat="48.786170" lon="2.043500">
						<ele>165</ele>
						<time>2024-05-16T15:55:04Z</time>
					</trkpt>
					<trkpt lat="48.786510" lon="2.044100">
						<ele>165</ele>
						<time>2024-05-16T15:55:30Z</time>
					</trkpt>
					<trkpt lat="48.786540" lon="2.044200">
						<ele>165</ele>
						<time>2024-05-16T15:55:34Z</time>
					</trkpt>
					<trkpt lat="48.786470" lon="2.044280">
						<ele>165</ele>
						<time>2024-05-16T15:55:38Z</time>
					</trkpt>
					<trkpt lat="48.786430" lon="2.044380">
						<ele>165</ele>
						<time>2024-05-16T15:55:42Z</time>
					</trkpt>
					<trkpt lat="48.786470" lon="2.044720">
						<ele>166</ele>
						<time>2024-05-16T15:55:53Z</time>
					</trkpt>
					<trkpt lat="48.786410" lon="2.044880">
						<ele>166</ele>
						<time>2024-05-16T15:56:00Z</time>
					</trkpt>
					<trkpt lat="48.786330" lon="2.045000">
						<ele>166</ele>
						<time>2024-05-16T15:56:05Z</time>
					</trkpt>
					<trkpt lat="48.786290" lon="2.045150">
						<ele>166</ele>
						<time>2024-05-16T15:56:10Z</time>
					</trkpt>
					<trkpt lat="48.785830" lon="2.045680">
						<ele>167</ele>
						<time>2024-05-16T15:56:39Z</time>
					</trkpt>
					<trkpt lat="48.785430" lon="2.046280">
						<ele>165</ele>
						<time>2024-05-16T15:57:08Z</time>
					</trkpt>
					<trkpt lat="48.785060" lon="2.046720">
						<ele>164</ele>
						<time>2024-05-16T15:57:31Z</time>
					</trkpt>
					<trkpt lat="48.784780" lon="2.047130">
						<ele>163</ele>
						<time>2024-05-16T15:57:51Z</time>
					</trkpt>
					<trkpt lat="48.783960" lon="2.048080">
						<ele>164</ele>
						<time>2024-05-16T15:58:42Z</time>
					</trkpt>
					<trkpt lat="48.783140" lon="2.047930">
						<ele>163</ele>
						<time>2024-05-16T15:59:23Z</time>
					</trkpt>
					<trkpt lat="48.782760" lon="2.047970">
						<ele>162</ele>
						<time>2024-05-16T15:59:43Z</time>
					</trkpt>
					<trkpt lat="48.782260" lon="2.047900">
						<ele>160</ele>
						<time>2024-05-16T16:00:08Z</time>
					</trkpt>
					<trkpt lat="48.782110" lon="2.047950">
						<ele>160</ele>
						<time>2024-05-16T16:00:15Z</time>
					</trkpt>
					<trkpt lat="48.781140" lon="2.047820">
						<ele>156</ele>
						<time>2024-05-16T16:01:04Z</time>
					</trkpt>
					<trkpt lat="48.781040" lon="2.047970">
						<ele>156</ele>
						<time>2024-05-16T16:01:11Z</time>
					</trkpt>
					<trkpt lat="48.781040" lon="2.048180">
						<ele>156</ele>
						<time>2024-05-16T16:01:18Z</time>
					</trkpt>
					<trkpt lat="48.780580" lon="2.048130">
						<ele>154</ele>
						<time>2024-05-16T16:01:41Z</time>
					</trkpt>
					<trkpt lat="48.780450" lon="2.048340">
						<ele>154</ele>
						<time>2024-05-16T16:01:51Z</time>
					</trkpt>
					<trkpt lat="48.780180" lon="2.049060">
						<ele>155</ele>
						<time>2024-05-16T16:02:18Z</time>
					</trkpt>
					<trkpt lat="48.780220" lon="2.049250">
						<ele>155</ele>
						<time>2024-05-16T16:02:25Z</time>
					</trkpt>
					<trkpt lat="48.780310" lon="2.049420">
						<ele>156</ele>
						<time>2024-05-16T16:02:32Z</time>
					</trkpt>
					<trkpt lat="48.780210" lon="2.050210">
						<ele>155</ele>
						<time>2024-05-16T16:02:58Z</time>
					</trkpt>
					<trkpt lat="48.780290" lon="2.050970">
						<ele>155</ele>
						<time>2024-05-16T16:03:24Z</time>
					</trkpt>
					<trkpt lat="48.780300" lon="2.051520">
						<ele>155</ele>
						<time>2024-05-16T16:03:42Z</time>
					</trkpt>
					<trkpt lat="48.780220" lon="2.052130">
						<ele>155</ele>
						<time>2024-05-16T16:04:02Z</time>
					</trkpt>
					<trkpt lat="48.780280" lon="2.052820">
						<ele>157</ele>
						<time>2024-05-16T16:04:25Z</time>
					</trkpt>
					<trkpt lat="48.780030" lon="2.053610">
						<ele>158</ele>
						<time>2024-05-16T16:04:54Z</time>
					</trkpt>
					<trkpt lat="48.779490" lon="2.054820">
						<ele>155</ele>
						<time>2024-05-16T16:05:42Z</time>
					</trkpt>
					<trkpt lat="48.779080" lon="2.055880">
						<ele>156</ele>
						<time>2024-05-16T16:06:23Z</time>
					</trkpt>
					<trkpt lat="48.778920" lon="2.056530">
						<ele>158</ele>
						<time>2024-05-16T16:06:46Z</time>
					</trkpt>
					<trkpt lat="48.778810" lon="2.057170">
						<ele>158</ele>
						<time>2024-05-16T16:07:08Z</time>
					</trkpt>
					<trkpt lat="48.778760" lon="2.057670">
						<ele>158</ele>
						<time>2024-05-16T16:07:24Z</time>
					</trkpt>
					<trkpt lat="48.778770" lon="2.058300">
						<ele>159</ele>
						<time>2024-05-16T16:07:45Z</time>
					</trkpt>
					<trkpt lat="48.778950" lon="2.059300">
						<ele>160</ele>
						<time>2024-05-16T16:08:19Z</time>
					</trkpt>
					<trkpt lat="48.778760" lon="2.059710">
						<ele>157</ele>
						<time>2024-05-16T16:08:36Z</time>
					</trkpt>
					<trkpt lat="48.778620" lon="2.059880">
						<ele>156</ele>
						<time>2024-05-16T16:08:45Z</time>
					</trkpt>
					<trkpt lat="48.778680" lon="2.060390">
						<ele>154</ele>
						<time>2024-05-16T16:09:02Z</time>
					</trkpt>
					<trkpt lat="48.778530" lon="2.061200">
						<ele>148</ele>
						<time>2024-05-16T16:09:30Z</time>
					</trkpt>
					<trkpt lat="48.778420" lon="2.061480">
						<ele>146</ele>
						<time>2024-05-16T16:09:40Z</time>
					</trkpt>
					<trkpt lat="48.778330" lon="2.061560">
						<ele>144</ele>
						<time>2024-05-16T16:09:45Z</time>
					</trkpt>
					<trkpt lat="48.778190" lon="2.061630">
						<ele>144</ele>
						<time>2024-05-16T16:09:53Z</time>
					</trkpt>
					<trkpt lat="48.777960" lon="2.061710">
						<ele>144</ele>
						<time>2024-05-16T16:10:05Z</time>
					</trkpt>
					<trkpt lat="48.777910" lon="2.061870">
						<ele>143</ele>
						<time>2024-05-16T16:10:11Z</time>
					</trkpt>
					<trkpt lat="48.777950" lon="2.062210">
						<ele>143</ele>
						<time>2024-05-16T16:10:22Z</time>
					</trkpt>
					<trkpt lat="48.778050" lon="2.062300">
						<ele>143</ele>
						<time>2024-05-16T16:10:28Z</time>
					</trkpt>
					<trkpt lat="48.778270" lon="2.062420">
						<ele>143</ele>
						<time>2024-05-16T16:10:39Z</time>
					</trkpt>
					<trkpt lat="48.778350" lon="2.062490">
						<ele>143</ele>
						<time>2024-05-16T16:10:44Z</time>
					</trkpt>
					<trkpt lat="48.778380" lon="2.062660">
						<ele>144</ele>
						<time>2024-05-16T16:10:50Z</time>
					</trkpt>
					<trkpt lat="48.778310" lon="2.062790">
						<ele>143</ele>
						<time>2024-05-16T16:10:55Z</time>
					</trkpt>
					<trkpt lat="48.778300" lon="2.063170">
						<ele>143</ele>
						<time>2024-05-16T16:11:08Z</time>
					</trkpt>
					<trkpt lat="48.778430" lon="2.063540">
						<ele>143</ele>
						<time>2024-05-16T16:11:22Z</time>
					</trkpt>
					<trkpt lat="48.778490" lon="2.063910">
						<ele>143</ele>
						<time>2024-05-16T16:11:34Z</time>
					</trkpt>
					<trkpt lat="48.778610" lon="2.064280">
						<ele>143</ele>
						<time>2024-05-16T16:11:48Z</time>
					</trkpt>
					<trkpt lat="48.778760" lon="2.064570">
						<ele>142</ele>
						<time>2024-05-16T16:12:00Z</time>
					</trkpt>
					<trkpt lat="48.778800" lon="2.064770">
						<ele>142</ele>
						<time>2024-05-16T16:12:07Z</time>
					</trkpt>
					<trkpt lat="48.778350" lon="2.065150">
						<ele>141</ele>
						<time>2024-05-16T16:12:33Z</time>
					</trkpt>
					<trkpt lat="48.778030" lon="2.065350">
						<ele>146</ele>
						<time>2024-05-16T16:12:50Z</time>
					</trkpt>
					<trkpt lat="48.777960" lon="2.065480">
						<ele>147</ele>
						<time>2024-05-16T16:12:56Z</time>
					</trkpt>
					<trkpt lat="48.778150" lon="2.066540">
						<ele>153</ele>
						<time>2024-05-16T16:13:32Z</time>
					</trkpt>
					<trkpt lat="48.778780" lon="2.067580">
						<ele>151</ele>
						<time>2024-05-16T16:14:18Z</time>
					</trkpt>
					<trkpt lat="48.779140" lon="2.068030">
						<ele>152</ele>
						<time>2024-05-16T16:14:42Z</time>
					</trkpt>
					<trkpt lat="48.780020" lon="2.069390">
						<ele>151</ele>
						<time>2024-05-16T16:15:45Z</time>
					</trkpt>
					<trkpt lat="48.780170" lon="2.069850">
						<ele>153</ele>
						<time>2024-05-16T16:16:02Z</time>
					</trkpt>
					<trkpt lat="48.780290" lon="2.069850">
						<ele>150</ele>
						<time>2024-05-16T16:16:08Z</time>
					</trkpt>
					<trkpt lat="48.780360" lon="2.069250">
						<ele>145</ele>
						<time>2024-05-16T16:16:28Z</time>
					</trkpt>
					<trkpt lat="48.780460" lon="2.069110">
						<ele>143</ele>
						<time>2024-05-16T16:16:34Z</time>
					</trkpt>
					<trkpt lat="48.780500" lon="2.069230">
						<ele>143</ele>
						<time>2024-05-16T16:16:39Z</time>
					</trkpt>
					<trkpt lat="48.780710" lon="2.069410">
						<ele>140</ele>
						<time>2024-05-16T16:16:51Z</time>
					</trkpt>
					<trkpt lat="48.781130" lon="2.070130">
						<ele>140</ele>
						<time>2024-05-16T16:17:23Z</time>
					</trkpt>
					<trkpt lat="48.781220" lon="2.070460">
						<ele>140</ele>
						<time>2024-05-16T16:17:34Z</time>
					</trkpt>
					<trkpt lat="48.781240" lon="2.071190">
						<ele>140</ele>
						<time>2024-05-16T16:17:58Z</time>
					</trkpt>
					<trkpt lat="48.781170" lon="2.071820">
						<ele>141</ele>
						<time>2024-05-16T16:18:20Z</time>
					</trkpt>
					<trkpt lat="48.781120" lon="2.072700">
						<ele>142</ele>
						<time>2024-05-16T16:18:49Z</time>
					</trkpt>
					<trkpt lat="48.781150" lon="2.073890">
						<ele>143</ele>
						<time>2024-05-16T16:19:28Z</time>
					</trkpt>
					<trkpt lat="48.781380" lon="2.075620">
						<ele>147</ele>
						<time>2024-05-16T16:20:26Z</time>
					</trkpt>
					<trkpt lat="48.781540" lon="2.076220">
						<ele>148</ele>
						<time>2024-05-16T16:20:47Z</time>
					</trkpt>
					<trkpt lat="48.782250" lon="2.077240">
						<ele>147</ele>
						<time>2024-05-16T16:21:36Z</time>
					</trkpt>
					<trkpt lat="48.782710" lon="2.077430">
						<ele>144</ele>
						<time>2024-05-16T16:22:00Z</time>
					</trkpt>
					<trkpt lat="48.782850" lon="2.077590">
						<ele>144</ele>
						<time>2024-05-16T16:22:09Z</time>
					</trkpt>
					<trkpt lat="48.783450" lon="2.078930">
						<ele>144</ele>
						<time>2024-05-16T16:23:02Z</time>
					</trkpt>
					<trkpt lat="48.783590" lon="2.079410">
						<ele>147</ele>
						<time>2024-05-16T16:23:20Z</time>
					</trkpt>
					<trkpt lat="48.783710" lon="2.080380">
						<ele>147</ele>
						<time>2024-05-16T16:23:52Z</time>
					</trkpt>
					<trkpt lat="48.783770" lon="2.080580">
						<ele>145</ele>
						<time>2024-05-16T16:24:00Z</time>
					</trkpt>
					<trkpt lat="48.784000" lon="2.080980">
						<ele>140</ele>
						<time>2024-05-16T16:24:17Z</time>
					</trkpt>
					<trkpt lat="48.784130" lon="2.081280">
						<ele>136</ele>
						<time>2024-05-16T16:24:29Z</time>
					</trkpt>
					<trkpt lat="48.784150" lon="2.081430">
						<ele>135</ele>
						<time>2024-05-16T16:24:34Z</time>
					</trkpt>
					<trkpt lat="48.784120" lon="2.081570">
						<ele>134</ele>
						<time>2024-05-16T16:24:39Z</time>
					</trkpt>
					<trkpt lat="48.784040" lon="2.081710">
						<ele>135</ele>
						<time>2024-05-16T16:24:45Z</time>
					</trkpt>
					<trkpt lat="48.783810" lon="2.081760">
						<ele>138</ele>
						<time>2024-05-16T16:24:57Z</time>
					</trkpt>
					<trkpt lat="48.783480" lon="2.081720">
						<ele>142</ele>
						<time>2024-05-16T16:25:13Z</time>
					</trkpt>
					<trkpt lat="48.783380" lon="2.081790">
						<ele>143</ele>
						<time>2024-05-16T16:25:19Z</time>
					</trkpt>
					<trkpt lat="48.783100" lon="2.082380">
						<ele>141</ele>
						<time>2024-05-16T16:25:43Z</time>
					</trkpt>
					<trkpt lat="48.782540" lon="2.083400">
						<ele>139</ele>
						<time>2024-05-16T16:26:26Z</time>
					</trkpt>
					<trkpt lat="48.782490" lon="2.083550">
						<ele>139</ele>
						<time>2024-05-16T16:26:32Z</time>
					</trkpt>
					<trkpt lat="48.782530" lon="2.083710">
						<ele>137</ele>
						<time>2024-05-16T16:26:38Z</time>
					</trkpt>
					<trkpt lat="48.782620" lon="2.083860">
						<ele>136</ele>
						<time>2024-05-16T16:26:44Z</time>
					</trkpt>
					<trkpt lat="48.782820" lon="2.084090">
						<ele>133</ele>
						<time>2024-05-16T16:26:57Z</time>
					</trkpt>
					<trkpt lat="48.783080" lon="2.084490">
						<ele>132</ele>
						<time>2024-05-16T16:27:15Z</time>
					</trkpt>
					<trkpt lat="48.783460" lon="2.084910">
						<ele>135</ele>
						<time>2024-05-16T16:27:39Z</time>
					</trkpt>
					<trkpt lat="48.783560" lon="2.084930">
						<ele>138</ele>
						<time>2024-05-16T16:27:44Z</time>
					</trkpt>
					<trkpt lat="48.783640" lon="2.084850">
						<ele>139</ele>
						<time>2024-05-16T16:27:49Z</time>
					</trkpt>
					<trkpt lat="48.783880" lon="2.084440">
						<ele>141</ele>
						<time>2024-05-16T16:28:07Z</time>
					</trkpt>
					<trkpt lat="48.784190" lon="2.083730">
						<ele>140</ele>
						<time>2024-05-16T16:28:35Z</time>
					</trkpt>
					<trkpt lat="48.784290" lon="2.083610">
						<ele>140</ele>
						<time>2024-05-16T16:28:41Z</time>
					</trkpt>
					<trkpt lat="48.784400" lon="2.083530">
						<ele>140</ele>
						<time>2024-05-16T16:28:47Z</time>
					</trkpt>
					<trkpt lat="48.784760" lon="2.083340">
						<ele>139</ele>
						<time>2024-05-16T16:29:06Z</time>
					</trkpt>
					<trkpt lat="48.785030" lon="2.083230">
						<ele>139</ele>
						<time>2024-05-16T16:29:20Z</time>
					</trkpt>
					<trkpt lat="48.785300" lon="2.083160">
						<ele>142</ele>
						<time>2024-05-16T16:29:34Z</time>
					</trkpt>
					<trkpt lat="48.785640" lon="2.082930">
						<ele>142</ele>
						<time>2024-05-16T16:29:53Z</time>
					</trkpt>
					<trkpt lat="48.785770" lon="2.082870">
						<ele>143</ele>
						<time>2024-05-16T16:30:00Z</time>
					</trkpt>
					<trkpt lat="48.786190" lon="2.082780">
						<ele>145</ele>
						<time>2024-05-16T16:30:21Z</time>
					</trkpt>
					<trkpt lat="48.786330" lon="2.082700">
						<ele>145</ele>
						<time>2024-05-16T16:30:28Z</time>
					</trkpt>
					<trkpt lat="48.786610" lon="2.082400">
						<ele>144</ele>
						<time>2024-05-16T16:30:45Z</time>
					</trkpt>
					<trkpt lat="48.786860" lon="2.082220">
						<ele>145</ele>
						<time>2024-05-16T16:30:59Z</time>
					</trkpt>
					<trkpt lat="48.786990" lon="2.082170">
						<ele>145</ele>
						<time>2024-05-16T16:31:06Z</time>
					</trkpt>
					<trkpt lat="48.787240" lon="2.082130">
						<ele>146</ele>
						<time>2024-05-16T16:31:19Z</time>
					</trkpt>
					<trkpt lat="48.787370" lon="2.082140">
						<ele>146</ele>
						<time>2024-05-16T16:31:25Z</time>
					</trkpt>
					<trkpt lat="48.787700" lon="2.082280">
						<ele>150</ele>
						<time>2024-05-16T16:31:42Z</time>
					</trkpt>
					<trkpt lat="48.787830" lon="2.082290">
						<ele>151</ele>
						<time>2024-05-16T16:31:49Z</time>
					</trkpt>
					<trkpt lat="48.788140" lon="2.082020">
						<ele>149</ele>
						<time>2024-05-16T16:32:07Z</time>
					</trkpt>
					<trkpt lat="48.788220" lon="2.081910">
						<ele>149</ele>
						<time>2024-05-16T16:32:12Z</time>
					</trkpt>
					<trkpt lat="48.788260" lon="2.081590">
						<ele>146</ele>
						<time>2024-05-16T16:32:23Z</time>
					</trkpt>
					<trkpt lat="48.788230" lon="2.081410">
						<ele>146</ele>
						<time>2024-05-16T16:32:29Z</time>
					</trkpt>
					<trkpt lat="48.788310" lon="2.080850">
						<ele>146</ele>
						<time>2024-05-16T16:32:48Z</time>
					</trkpt>
					<trkpt lat="48.788310" lon="2.080700">
						<ele>146</ele>
						<time>2024-05-16T16:32:53Z</time>
					</trkpt>
					<trkpt lat="48.788230" lon="2.080360">
						<ele>147</ele>
						<time>2024-05-16T16:33:05Z</time>
					</trkpt>
					<trkpt lat="48.788180" lon="2.080010">
						<ele>148</ele>
						<time>2024-05-16T16:33:16Z</time>
					</trkpt>
					<trkpt lat="48.788010" lon="2.079380">
						<ele>153</ele>
						<time>2024-05-16T16:33:39Z</time>
					</trkpt>
					<trkpt lat="48.787960" lon="2.079050">
						<ele>155</ele>
						<time>2024-05-16T16:33:50Z</time>
					</trkpt>
					<trkpt lat="48.787960" lon="2.078520">
						<ele>155</ele>
						<time>2024-05-16T16:34:08Z</time>
					</trkpt>
					<trkpt lat="48.787900" lon="2.078160">
						<ele>155</ele>
						<time>2024-05-16T16:34:20Z</time>
					</trkpt>
					<trkpt lat="48.787850" lon="2.077450">
						<ele>155</ele>
						<time>2024-05-16T16:34:43Z</time>
					</trkpt>
					<trkpt lat="48.787950" lon="2.076920">
						<ele>155</ele>
						<time>2024-05-16T16:35:01Z</time>
					</trkpt>
					<trkpt lat="48.787950" lon="2.076710">
						<ele>156</ele>
						<time>2024-05-16T16:35:08Z</time>
					</trkpt>
					<trkpt lat="48.787920" lon="2.076570">
						<ele>156</ele>
						<time>2024-05-16T16:35:13Z</time>
					</trkpt>
					<trkpt lat="48.787900" lon="2.076000">
						<ele>157</ele>
						<time>2024-05-16T16:35:32Z</time>
					</trkpt>
					<trkpt lat="48.787870" lon="2.075770">
						<ele>157</ele>
						<time>2024-05-16T16:35:40Z</time>
					</trkpt>
					<trkpt lat="48.787700" lon="2.075170">
						<ele>157</ele>
						<time>2024-05-16T16:36:01Z</time>
					</trkpt>
					<trkpt lat="48.787670" lon="2.074770">
						<ele>157</ele>
						<time>2024-05-16T16:36:15Z</time>
					</trkpt>
					<trkpt lat="48.787700" lon="2.074400">
						<ele>157</ele>
						<time>2024-05-16T16:36:27Z</time>
					</trkpt>
					<trkpt lat="48.787820" lon="2.073840">
						<ele>158</ele>
						<time>2024-05-16T16:36:46Z</time>
					</trkpt>
					<trkpt lat="48.788010" lon="2.073280">
						<ele>161</ele>
						<time>2024-05-16T16:37:07Z</time>
					</trkpt>
					<trkpt lat="48.788200" lon="2.072530">
						<ele>162</ele>
						<time>2024-05-16T16:37:34Z</time>
					</trkpt>
					<trkpt lat="48.788270" lon="2.071800">
						<ele>162</ele>
						<time>2024-05-16T16:37:58Z</time>
					</trkpt>
					<trkpt lat="48.788360" lon="2.071380">
						<ele>162</ele>
						<time>2024-05-16T16:38:12Z</time>
					</trkpt>
					<trkpt lat="48.788450" lon="2.070610">
						<ele>162</ele>
						<time>2024-05-16T16:38:38Z</time>
					</trkpt>
					<trkpt lat="48.788550" lon="2.070250">
						<ele>162</ele>
						<time>2024-05-16T16:38:51Z</time>
					</trkpt>
					<trkpt lat="48.788630" lon="2.070080">
						<ele>161</ele>
						<time>2024-05-16T16:38:58Z</time>
					</trkpt>
					<trkpt lat="48.788740" lon="2.070030">
						<ele>161</ele>
						<time>2024-05-16T16:39:04Z</time>
					</trkpt>
					<trkpt lat="48.788970" lon="2.070040">
						<ele>160</ele>
						<time>2024-05-16T16:39:15Z</time>
					</trkpt>
					<trkpt lat="48.789390" lon="2.070150">
						<ele>161</ele>
						<time>2024-05-16T16:39:37Z</time>
					</trkpt>
					<trkpt lat="48.789480" lon="2.070210">
						<ele>162</ele>
						<time>2024-05-16T16:39:42Z</time>
					</trkpt>
					<trkpt lat="48.790490" lon="2.071570">
						<ele>166</ele>
						<time>2024-05-16T16:40:49Z</time>
					</trkpt>
					<trkpt lat="48.790590" lon="2.071640">
						<ele>166</ele>
						<time>2024-05-16T16:40:55Z</time>
					</trkpt>
					<trkpt lat="48.790690" lon="2.071670">
						<ele>166</ele>
						<time>2024-05-16T16:41:00Z</time>
					</trkpt>
					<trkpt lat="48.790800" lon="2.071620">
						<ele>165</ele>
						<time>2024-05-16T16:41:05Z</time>
					</trkpt>
					<trkpt lat="48.791020" lon="2.071220">
						<ele>166</ele>
						<time>2024-05-16T16:41:23Z</time>
					</trkpt>
					<trkpt lat="48.791100" lon="2.071200">
						<ele>166</ele>
						<time>2024-05-16T16:41:27Z</time>
					</trkpt>
					<trkpt lat="48.791180" lon="2.071260">
						<ele>166</ele>
						<time>2024-05-16T16:41:31Z</time>
					</trkpt>
					<trkpt lat="48.791280" lon="2.071400">
						<ele>166</ele>
						<time>2024-05-16T16:41:38Z</time>
					</trkpt>
					<trkpt lat="48.791250" lon="2.071650">
						<ele>166</ele>
						<time>2024-05-16T16:41:46Z</time>
					</trkpt>
					<trkpt lat="48.791160" lon="2.071820">
						<ele>166</ele>
						<time>2024-05-16T16:41:54Z</time>
					</trkpt>
					<trkpt lat="48.790990" lon="2.072530">
						<ele>168</ele>
						<time>2024-05-16T16:42:18Z</time>
					</trkpt>
					<trkpt lat="48.790890" lon="2.072720">
						<ele>169</ele>
						<time>2024-05-16T16:42:26Z</time>
					</trkpt>
					<trkpt lat="48.790580" lon="2.073510">
						<ele>171</ele>
						<time>2024-05-16T16:42:57Z</time>
					</trkpt>
					<trkpt lat="48.790330" lon="2.073960">
						<ele>171</ele>
						<time>2024-05-16T16:43:16Z</time>
					</trkpt>
					<trkpt lat="48.790250" lon="2.074340">
						<ele>171</ele>
						<time>2024-05-16T16:43:29Z</time>
					</trkpt>
					<trkpt lat="48.790220" lon="2.074980">
						<ele>171</ele>
						<time>2024-05-16T16:43:50Z</time>
					</trkpt>
					<trkpt lat="48.790150" lon="2.075310">
						<ele>172</ele>
						<time>2024-05-16T16:44:02Z</time>
					</trkpt>
					<trkpt lat="48.790070" lon="2.076080">
						<ele>171</ele>
						<time>2024-05-16T16:44:28Z</time>
					</trkpt>
					<trkpt lat="48.789920" lon="2.077060">
						<ele>169</ele>
						<time>2024-05-16T16:45:01Z</time>
					</trkpt>
					<trkpt lat="48.789930" lon="2.077260">
						<ele>169</ele>
						<time>2024-05-16T16:45:07Z</time>
					</trkpt>
					<trkpt lat="48.789870" lon="2.077460">
						<ele>169</ele>
						<time>2024-05-16T16:45:15Z</time>
					</trkpt>
					<trkpt lat="48.789870" lon="2.077740">
						<ele>168</ele>
						<time>2024-05-16T16:45:24Z</time>
					</trkpt>
					<trkpt lat="48.789840" lon="2.077980">
						<ele>168</ele>
						<time>2024-05-16T16:45:32Z</time>
					</trkpt>
					<trkpt lat="48.789760" lon="2.078380">
						<ele>167</ele>
						<time>2024-05-16T16:45:46Z</time>
					</trkpt>
					<trkpt lat="48.789730" lon="2.078800">
						<ele>168</ele>
						<time>2024-05-16T16:46:00Z</time>
					</trkpt>
					<trkpt lat="48.789760" lon="2.079040">
						<ele>168</ele>
						<time>2024-05-16T16:46:08Z</time>
					</trkpt>
					<trkpt lat="48.789670" lon="2.079080">
						<ele>168</ele>
						<time>2024-05-16T16:46:12Z</time>
					</trkpt>
					<trkpt lat="48.789580" lon="2.079530">
						<ele>167</ele>
						<time>2024-05-16T16:46:28Z</time>
					</trkpt>
					<trkpt lat="48.789530" lon="2.080090">
						<ele>166</ele>
						<time>2024-05-16T16:46:47Z</time>
					</trkpt>
					<trkpt lat="48.789390" lon="2.080980">
						<ele>166</ele>
						<time>2024-05-16T16:47:17Z</time>
					</trkpt>
					<trkpt lat="48.789380" lon="2.081200">
						<ele>165</ele>
						<time>2024-05-16T16:47:24Z</time>
					</trkpt>
					<trkpt lat="48.789210" lon="2.082190">
						<ele>166</ele>
						<time>2024-05-16T16:47:58Z</time>
					</trkpt>
					<trkpt lat="48.789200" lon="2.082630">
						<ele>167</ele>
						<time>2024-05-16T16:48:12Z</time>
					</trkpt>
					<trkpt lat="48.789230" lon="2.082810">
						<ele>167</ele>
						<time>2024-05-16T16:48:18Z</time>
					</trkpt>
					<trkpt lat="48.789230" lon="2.083400">
						<ele>167</ele>
						<time>2024-05-16T16:48:38Z</time>
					</trkpt>
					<trkpt lat="48.789190" lon="2.083600">
						<ele>166</ele>
						<time>2024-05-16T16:48:45Z</time>
					</trkpt>
					<trkpt lat="48.789080" lon="2.083800">
						<ele>166</ele>
						<time>2024-05-16T16:48:53Z</time>
					</trkpt>
					<trkpt lat="48.788920" lon="2.084060">
						<ele>167</ele>
						<time>2024-05-16T16:49:05Z</time>
					</trkpt>
					<trkpt lat="48.788830" lon="2.084160">
						<ele>167</ele>
						<time>2024-05-16T16:49:11Z</time>
					</trkpt>
					<trkpt lat="48.788710" lon="2.084210">
						<ele>168</ele>
						<time>2024-05-16T16:49:17Z</time>
					</trkpt>
					<trkpt lat="48.788420" lon="2.084610">
						<ele>168</ele>
						<time>2024-05-16T16:49:36Z</time>
					</trkpt>
					<trkpt lat="48.788290" lon="2.084910">
						<ele>167</ele>
						<time>2024-05-16T16:49:48Z</time>
					</trkpt>
					<trkpt lat="48.788240" lon="2.085090">
						<ele>167</ele>
						<time>2024-05-16T16:49:55Z</time>
					</trkpt>
					<trkpt lat="48.787280" lon="2.086520">
						<ele>167</ele>
						<time>2024-05-16T16:51:02Z</time>
					</trkpt>
					<trkpt lat="48.787170" lon="2.086630">
						<ele>166</ele>
						<time>2024-05-16T16:51:09Z</time>
					</trkpt>
					<trkpt lat="48.787040" lon="2.086900">
						<ele>166</ele>
						<time>2024-05-16T16:51:20Z</time>
					</trkpt>
					<trkpt lat="48.787000" lon="2.087050">
						<ele>166</ele>
						<time>2024-05-16T16:51:25Z</time>
					</trkpt>
					<trkpt lat="48.786890" lon="2.087140">
						<ele>166</ele>
						<time>2024-05-16T16:51:31Z</time>
					</trkpt>
					<trkpt lat="48.786550" lon="2.087130">
						<ele>166</ele>
						<time>2024-05-16T16:51:48Z</time>
					</trkpt>
					<trkpt lat="48.786320" lon="2.087190">
						<ele>165</ele>
						<time>2024-05-16T16:52:00Z</time>
					</trkpt>
					<trkpt lat="48.786060" lon="2.087550">
						<ele>164</ele>
						<time>2024-05-16T16:52:17Z</time>
					</trkpt>
					<trkpt lat="48.785970" lon="2.087700">
						<ele>164</ele>
						<time>2024-05-16T16:52:24Z</time>
					</trkpt>
					<trkpt lat="48.785920" lon="2.087840">
						<ele>164</ele>
						<time>2024-05-16T16:52:29Z</time>
					</trkpt>
					<trkpt lat="48.785960" lon="2.087990">
						<ele>164</ele>
						<time>2024-05-16T16:52:35Z</time>
					</trkpt>
					<trkpt lat="48.786060" lon="2.088120">
						<ele>164</ele>
						<time>2024-05-16T16:52:41Z</time>
					</trkpt>
					<trkpt lat="48.786080" lon="2.088260">
						<ele>164</ele>
						<time>2024-05-16T16:52:46Z</time>
					</trkpt>
					<trkpt lat="48.785860" lon="2.088640">
						<ele>163</ele>
						<time>2024-05-16T16:53:03Z</time>
					</trkpt>
					<trkpt lat="48.785760" lon="2.088720">
						<ele>163</ele>
						<time>2024-05-16T16:53:08Z</time>
					</trkpt>
					<trkpt lat="48.785610" lon="2.088460">
						<ele>164</ele>
						<time>2024-05-16T16:53:20Z</time>
					</trkpt>
					<trkpt lat="48.785500" lon="2.088400">
						<ele>165</ele>
						<time>2024-05-16T16:53:26Z</time>
					</trkpt>
					<trkpt lat="48.785410" lon="2.088490">
						<ele>165</ele>
						<time>2024-05-16T16:53:31Z</time>
					</trkpt>
					<trkpt lat="48.784940" lon="2.089170">
						<ele>167</ele>
						<time>2024-05-16T16:54:04Z</time>
					</trkpt>
					<trkpt lat="48.784430" lon="2.089850">
						<ele>168</ele>
						<time>2024-05-16T16:54:38Z</time>
					</trkpt>
					<trkpt lat="48.784170" lon="2.090320">
						<ele>168</ele>
						<time>2024-05-16T16:54:58Z</time>
					</trkpt>
					<trkpt lat="48.784060" lon="2.090400">
						<ele>168</ele>
						<time>2024-05-16T16:55:04Z</time>
					</trkpt>
					<trkpt lat="48.783940" lon="2.090450">
						<ele>167</ele>
						<time>2024-05-16T16:55:10Z</time>
					</trkpt>
					<trkpt lat="48.783810" lon="2.090390">
						<ele>167</ele>
						<time>2024-05-16T16:55:17Z</time>
					</trkpt>
					<trkpt lat="48.783700" lon="2.090410">
						<ele>167</ele>
						<time>2024-05-16T16:55:22Z</time>
					</trkpt>
					<trkpt lat="48.783560" lon="2.090510">
						<ele>167</ele>
						<time>2024-05-16T16:55:30Z</time>
					</trkpt>
					<trkpt lat="48.783350" lon="2.090710">
						<ele>168</ele>
						<time>2024-05-16T16:55:43Z</time>
					</trkpt>
					<trkpt lat="48.782580" lon="2.091020">
						<ele>160</ele>
						<time>2024-05-16T16:56:22Z</time>
					</trkpt>
					<trkpt lat="48.782300" lon="2.091190">
						<ele>157</ele>
						<time>2024-05-16T16:56:38Z</time>
					</trkpt>
					<trkpt lat="48.782080" lon="2.091280">
						<ele>154</ele>
						<time>2024-05-16T16:56:49Z</time>
					</trkpt>
					<trkpt lat="48.781740" lon="2.091490">
						<ele>151</ele>
						<time>2024-05-16T16:57:07Z</time>
					</trkpt>
					<trkpt lat="48.781310" lon="2.091660">
						<ele>145</ele>
						<time>2024-05-16T16:57:30Z</time>
					</trkpt>
					<trkpt lat="48.781220" lon="2.091770">
						<ele>144</ele>
						<time>2024-05-16T16:57:35Z</time>
					</trkpt>
					<trkpt lat="48.781060" lon="2.092280">
						<ele>142</ele>
						<time>2024-05-16T16:57:54Z</time>
					</trkpt>
					<trkpt lat="48.780760" lon="2.093790">
						<ele>139</ele>
						<time>2024-05-16T16:58:46Z</time>
					</trkpt>
					<trkpt lat="48.780670" lon="2.095190">
						<ele>138</ele>
						<time>2024-05-16T16:59:32Z</time>
					</trkpt>
					<trkpt lat="48.780690" lon="2.095510">
						<ele>137</ele>
						<time>2024-05-16T16:59:43Z</time>
					</trkpt>
					<trkpt lat="48.780620" lon="2.095650">
						<ele>136</ele>
						<time>2024-05-16T16:59:49Z</time>
					</trkpt>
					<trkpt lat="48.780420" lon="2.095610">
						<ele>133</ele>
						<time>2024-05-16T16:59:59Z</time>
					</trkpt>
					<trkpt lat="48.780310" lon="2.095720">
						<ele>131</ele>
						<time>2024-05-16T17:00:05Z</time>
					</trkpt>
					<trkpt lat="48.780430" lon="2.096710">
						<ele>127</ele>
						<time>2024-05-16T17:00:39Z</time>
					</trkpt>
					<trkpt lat="48.780610" lon="2.097380">
						<ele>129</ele>
						<time>2024-05-16T17:01:02Z</time>
					</trkpt>
					<trkpt lat="48.780670" lon="2.097970">
						<ele>131</ele>
						<time>2024-05-16T17:01:22Z</time>
					</trkpt>
					<trkpt lat="48.780660" lon="2.098170">
						<ele>132</ele>
						<time>2024-05-16T17:01:29Z</time>
					</trkpt>
					<trkpt lat="48.780610" lon="2.098370">
						<ele>132</ele>
						<time>2024-05-16T17:01:36Z</time>
					</trkpt>
					<trkpt lat="48.780430" lon="2.098730">
						<ele>134</ele>
						<time>2024-05-16T17:01:51Z</time>
					</trkpt>
					<trkpt lat="48.780340" lon="2.098850">
						<ele>134</ele>
						<time>2024-05-16T17:01:57Z</time>
					</trkpt>
					<trkpt lat="48.780080" lon="2.099050">
						<ele>133</ele>
						<time>2024-05-16T17:02:11Z</time>
					</trkpt>
					<trkpt lat="48.779880" lon="2.099150">
						<ele>134</ele>
						<time>2024-05-16T17:02:22Z</time>
					</trkpt>
					<trkpt lat="48.779530" lon="2.099150">
						<ele>133</ele>
						<time>2024-05-16T17:02:39Z</time>
					</trkpt>
					<trkpt lat="48.779290" lon="2.099000">
						<ele>130</ele>
						<time>2024-05-16T17:02:52Z</time>
					</trkpt>
					<trkpt lat="48.779010" lon="2.098740">
						<ele>124</ele>
						<time>2024-05-16T17:03:09Z</time>
					</trkpt>
					<trkpt lat="48.778780" lon="2.098610">
						<ele>121</ele>
						<time>2024-05-16T17:03:21Z</time>
					</trkpt>
					<trkpt lat="48.778670" lon="2.098590">
						<ele>121</ele>
						<time>2024-05-16T17:03:27Z</time>
					</trkpt>
					<trkpt lat="48.778530" lon="2.098670">
						<ele>122</ele>
						<time>2024-05-16T17:03:34Z</time>
					</trkpt>
					<trkpt lat="48.778440" lon="2.098780">
						<ele>123</ele>
						<time>2024-05-16T17:03:40Z</time>
					</trkpt>
					<trkpt lat="48.778290" lon="2.099060">
						<ele>124</ele>
						<time>2024-05-16T17:03:52Z</time>
					</trkpt>
					<trkpt lat="48.778170" lon="2.099420">
						<ele>125</ele>
						<time>2024-05-16T17:04:05Z</time>
					</trkpt>
					<trkpt lat="48.778010" lon="2.100090">
						<ele>129</ele>
						<time>2024-05-16T17:04:29Z</time>
					</trkpt>
					<trkpt lat="48.777920" lon="2.100240">
						<ele>130</ele>
						<time>2024-05-16T17:04:35Z</time>
					</trkpt>
					<trkpt lat="48.777830" lon="2.100270">
						<ele>129</ele>
						<time>2024-05-16T17:04:40Z</time>
					</trkpt>
					<trkpt lat="48.777330" lon="2.100100">
						<ele>120</ele>
						<time>2024-05-16T17:05:06Z</time>
					</trkpt>
					<trkpt lat="48.776880" lon="2.100110">
						<ele>119</ele>
						<time>2024-05-16T17:05:28Z</time>
					</trkpt>
					<trkpt lat="48.776550" lon="2.100180">
						<ele>119</ele>
						<time>2024-05-16T17:05:45Z</time>
					</trkpt>
					<trkpt lat="48.776460" lon="2.100260">
						<ele>119</ele>
						<time>2024-05-16T17:05:50Z</time>
					</trkpt>
					<trkpt lat="48.776300" lon="2.100480">
						<ele>120</ele>
						<time>2024-05-16T17:06:01Z</time>
					</trkpt>
					<trkpt lat="48.775630" lon="2.099670">
						<ele>122</ele>
						<time>2024-05-16T17:06:44Z</time>
					</trkpt>
					<trkpt lat="48.774010" lon="2.099490">
						<ele>144</ele>
						<time>2024-05-16T17:08:05Z</time>
					</trkpt>
					<trkpt lat="48.773680" lon="2.099940">
						<ele>148</ele>
						<time>2024-05-16T17:08:27Z</time>
					</trkpt>
					<trkpt lat="48.773550" lon="2.100510">
						<ele>146</ele>
						<time>2024-05-16T17:08:47Z</time>
					</trkpt>
					<trkpt lat="48.773130" lon="2.100940">
						<ele>148</ele>
						<time>2024-05-16T17:09:12Z</time>
					</trkpt>
					<trkpt lat="48.772620" lon="2.101380">
						<ele>151</ele>
						<time>2024-05-16T17:09:42Z</time>
					</trkpt>
					<trkpt lat="48.772380" lon="2.102160">
						<ele>146</ele>
						<time>2024-05-16T17:10:10Z</time>
					</trkpt>
					<trkpt lat="48.772050" lon="2.103510">
						<ele>149</ele>
						<time>2024-05-16T17:10:58Z</time>
					</trkpt>
					<trkpt lat="48.771940" lon="2.104420">
						<ele>152</ele>
						<time>2024-05-16T17:11:28Z</time>
					</trkpt>
					<trkpt lat="48.772080" lon="2.105060">
						<ele>148</ele>
						<time>2024-05-16T17:11:50Z</time>
					</trkpt>
					<trkpt lat="48.772200" lon="2.104330">
						<ele>145</ele>
						<time>2024-05-16T17:12:15Z</time>
					</trkpt>
					<trkpt lat="48.772500" lon="2.104290">
						<ele>137</ele>
						<time>2024-05-16T17:12:30Z</time>
					</trkpt>
					<trkpt lat="48.774740" lon="2.106960">
						<ele>115</ele>
						<time>2024-05-16T17:14:53Z</time>
					</trkpt>
					<trkpt lat="48.775100" lon="2.107300">
						<ele>116</ele>
						<time>2024-05-16T17:15:14Z</time>
					</trkpt>
					<trkpt lat="48.775310" lon="2.107610">
						<ele>118</ele>
						<time>2024-05-16T17:15:29Z</time>
					</trkpt>
					<trkpt lat="48.775530" lon="2.107860">
						<ele>119</ele>
						<time>2024-05-16T17:15:42Z</time>
					</trkpt>
					<trkpt lat="48.775670" lon="2.108220">
						<ele>119</ele>
						<time>2024-05-16T17:15:56Z</time>
					</trkpt>
					<trkpt lat="48.775650" lon="2.108630">
						<ele>118</ele>
						<time>2024-05-16T17:16:10Z</time>
					</trkpt>
					<trkpt lat="48.775210" lon="2.110140">
						<ele>114</ele>
						<time>2024-05-16T17:17:04Z</time>
					</trkpt>
					<trkpt lat="48.775080" lon="2.110400">
						<ele>116</ele>
						<time>2024-05-16T17:17:15Z</time>
					</trkpt>
					<trkpt lat="48.774980" lon="2.110500">
						<ele>117</ele>
						<time>2024-05-16T17:17:21Z</time>
					</trkpt>
					<trkpt lat="48.774880" lon="2.110560">
						<ele>119</ele>
						<time>2024-05-16T17:17:26Z</time>
					</trkpt>
					<trkpt lat="48.774660" lon="2.110580">
						<ele>123</ele>
						<time>2024-05-16T17:17:37Z</time>
					</trkpt>
					<trkpt lat="48.774590" lon="2.110700">
						<ele>125</ele>
						<time>2024-05-16T17:17:43Z</time>
					</trkpt>
					<trkpt lat="48.774350" lon="2.112200">
						<ele>141</ele>
						<time>2024-05-16T17:18:34Z</time>
					</trkpt>
					<trkpt lat="48.773440" lon="2.116990">
						<ele>158</ele>
						<time>2024-05-16T17:21:18Z</time>
					</trkpt>
					<trkpt lat="48.772970" lon="2.118200">
						<ele>156</ele>
						<time>2024-05-16T17:22:04Z</time>
					</trkpt>
					<trkpt lat="48.772430" lon="2.119900">
						<ele>153</ele>
						<time>2024-05-16T17:23:07Z</time>
					</trkpt>
					<trkpt lat="48.772090" lon="2.119620">
						<ele>153</ele>
						<time>2024-05-16T17:23:26Z</time>
					</trkpt>
					<trkpt lat="48.771680" lon="2.120860">
						<ele>152</ele>
						<time>2024-05-16T17:24:12Z</time>
					</trkpt>
					<trkpt lat="48.771420" lon="2.120690">
						<ele>153</ele>
						<time>2024-05-16T17:24:26Z</time>
					</trkpt>
					<trkpt lat="48.771170" lon="2.121480">
						<ele>152</ele>
						<time>2024-05-16T17:24:55Z</time>
					</trkpt>
					<trkpt lat="48.771030" lon="2.121550">
						<ele>152</ele>
						<time>2024-05-16T17:25:02Z</time>
					</trkpt>
					<trkpt lat="48.770730" lon="2.121340">
						<ele>152</ele>
						<time>2024-05-16T17:25:19Z</time>
					</trkpt>
					<trkpt lat="48.770400" lon="2.121050">
						<ele>152</ele>
						<time>2024-05-16T17:25:38Z</time>
					</trkpt>
					<trkpt lat="48.770230" lon="2.120930">
						<ele>152</ele>
						<time>2024-05-16T17:25:47Z</time>
					</trkpt>
					<trkpt lat="48.770240" lon="2.120750">
						<ele>152</ele>
						<time>2024-05-16T17:25:53Z</time>
					</trkpt>
					<trkpt lat="48.769170" lon="2.119930">
						<ele>156</ele>
						<time>2024-05-16T17:26:53Z</time>
					</trkpt>
					<trkpt lat="48.769090" lon="2.120030">
						<ele>156</ele>
						<time>2024-05-16T17:26:58Z</time>
					</trkpt>
					<trkpt lat="48.769120" lon="2.120410">
						<ele>157</ele>
						<time>2024-05-16T17:27:11Z</time>
					</trkpt>
					<trkpt lat="48.769050" lon="2.120900">
						<ele>157</ele>
						<time>2024-05-16T17:27:27Z</time>
					</trkpt>
					<trkpt lat="48.769020" lon="2.121320">
						<ele>156</ele>
						<time>2024-05-16T17:27:41Z</time>
					</trkpt>
					<trkpt lat="48.769060" lon="2.121420">
						<ele>156</ele>
						<time>2024-05-16T17:27:45Z</time>
					</trkpt>
					<trkpt lat="48.769060" lon="2.121610">
						<ele>155</ele>
						<time>2024-05-16T17:27:51Z</time>
					</trkpt>
					<trkpt lat="48.769170" lon="2.121680">
						<ele>155</ele>
						<time>2024-05-16T17:27:57Z</time>
					</trkpt>
					<trkpt lat="48.769110" lon="2.122220">
						<ele>155</ele>
						<time>2024-05-16T17:28:15Z</time>
					</trkpt>
					<trkpt lat="48.769150" lon="2.122540">
						<ele>155</ele>
						<time>2024-05-16T17:28:26Z</time>
					</trkpt>
					<trkpt lat="48.769440" lon="2.122930">
						<ele>154</ele>
						<time>2024-05-16T17:28:46Z</time>
					</trkpt>
					<trkpt lat="48.769560" lon="2.123180">
						<ele>154</ele>
						<time>2024-05-16T17:28:56Z</time>
					</trkpt>
					<trkpt lat="48.769650" lon="2.123250">
						<ele>154</ele>
						<time>2024-05-16T17:29:01Z</time>
					</trkpt>
					<trkpt lat="48.769940" lon="2.123310">
						<ele>154</ele>
						<time>2024-05-16T17:29:16Z</time>
					</trkpt>
					<trkpt lat="48.770240" lon="2.123580">
						<ele>153</ele>
						<time>2024-05-16T17:29:33Z</time>
					</trkpt>
					<trkpt lat="48.770530" lon="2.123670">
						<ele>153</ele>
						<time>2024-05-16T17:29:48Z</time>
					</trkpt>
					<trkpt lat="48.770730" lon="2.123250">
						<ele>153</ele>
						<time>2024-05-16T17:30:05Z</time>
					</trkpt>
					<trkpt lat="48.770890" lon="2.123420">
						<ele>152</ele>
						<time>2024-05-16T17:30:15Z</time>
					</trkpt>
					<trkpt lat="48.770910" lon="2.123530">
						<ele>152</ele>
						<time>2024-05-16T17:30:18Z</time>
					</trkpt>
					<trkpt lat="48.771070" lon="2.123930">
						<ele>150</ele>
						<time>2024-05-16T17:30:34Z</time>
					</trkpt>
					<trkpt lat="48.771180" lon="2.124070">
						<ele>150</ele>
						<time>2024-05-16T17:30:41Z</time>
					</trkpt>
					<trkpt lat="48.771370" lon="2.123810">
						<ele>150</ele>
						<time>2024-05-16T17:30:54Z</time>
					</trkpt>
					<trkpt lat="48.771480" lon="2.123850">
						<ele>150</ele>
						<time>2024-05-16T17:30:59Z</time>
					</trkpt>
					<trkpt lat="48.771590" lon="2.124090">
						<ele>149</ele>
						<time>2024-05-16T17:31:09Z</time>
					</trkpt>
					<trkpt lat="48.772200" lon="2.124480">
						<ele>149</ele>
						<time>2024-05-16T17:31:42Z</time>
					</trkpt>
					<trkpt lat="48.772390" lon="2.124700">
						<ele>149</ele>
						<time>2024-05-16T17:31:54Z</time>
					</trkpt>
					<trkpt lat="48.772750" lon="2.125290">
						<ele>147</ele>
						<time>2024-05-16T17:32:21Z</time>
					</trkpt>
					<trkpt lat="48.773120" lon="2.125450">
						<ele>143</ele>
						<time>2024-05-16T17:32:40Z</time>
					</trkpt>
					<trkpt lat="48.773200" lon="2.125660">
						<ele>141</ele>
						<time>2024-05-16T17:32:48Z</time>
					</trkpt>
					<trkpt lat="48.773330" lon="2.125870">
						<ele>138</ele>
						<time>2024-05-16T17:32:57Z</time>
					</trkpt>
					<trkpt lat="48.773550" lon="2.125740">
						<ele>132</ele>
						<time>2024-05-16T17:33:09Z</time>
					</trkpt>
					<trkpt lat="48.773640" lon="2.125960">
						<ele>129</ele>
						<time>2024-05-16T17:33:18Z</time>
					</trkpt>
					<trkpt lat="48.773800" lon="2.125980">
						<ele>125</ele>
						<time>2024-05-16T17:33:26Z</time>
					</trkpt>
					<trkpt lat="48.773830" lon="2.126190">
						<ele>124</ele>
						<time>2024-05-16T17:33:33Z</time>
					</trkpt>
					<trkpt lat="48.774190" lon="2.126330">
						<ele>115</ele>
						<time>2024-05-16T17:33:52Z</time>
					</trkpt>
					<trkpt lat="48.774380" lon="2.126320">
						<ele>113</ele>
						<time>2024-05-16T17:34:01Z</time>
					</trkpt>
					<trkpt lat="48.774780" lon="2.126400">
						<ele>108</ele>
						<time>2024-05-16T17:34:21Z</time>
					</trkpt>
					<trkpt lat="48.774880" lon="2.126440">
						<ele>107</ele>
						<time>2024-05-16T17:34:26Z</time>
					</trkpt>
					<trkpt lat="48.774920" lon="2.126050">
						<ele>106</ele>
						<time>2024-05-16T17:34:39Z</time>
					</trkpt>
					<trkpt lat="48.774940" lon="2.125200">
						<ele>106</ele>
						<time>2024-05-16T17:35:08Z</time>
					</trkpt>
					<trkpt lat="48.775270" lon="2.124580">
						<ele>106</ele>
						<time>2024-05-16T17:35:34Z</time>
					</trkpt>
					<trkpt lat="48.775280" lon="2.124280">
						<ele>106</ele>
						<time>2024-05-16T17:35:44Z</time>
					</trkpt>
					<trkpt lat="48.775450" lon="2.123980">
						<ele>106</ele>
						<time>2024-05-16T17:35:57Z</time>
					</trkpt>
					<trkpt lat="48.775500" lon="2.123810">
						<ele>106</ele>
						<time>2024-05-16T17:36:03Z</time>
					</trkpt>
					<trkpt lat="48.775540" lon="2.123280">
						<ele>106</ele>
						<time>2024-05-16T17:36:20Z</time>
					</trkpt>
					<trkpt lat="48.775610" lon="2.123170">
						<ele>107</ele>
						<time>2024-05-16T17:36:26Z</time>
					</trkpt>
					<trkpt lat="48.775740" lon="2.123110">
						<ele>106</ele>
						<time>2024-05-16T17:36:32Z</time>
					</trkpt>
					<trkpt lat="48.775890" lon="2.122880">
						<ele>107</ele>
						<time>2024-05-16T17:36:43Z</time>
					</trkpt>
					<trkpt lat="48.776050" lon="2.122830">
						<ele>107</ele>
						<time>2024-05-16T17:36:51Z</time>
					</trkpt>
					<trkpt lat="48.776120" lon="2.122690">
						<ele>107</ele>
						<time>2024-05-16T17:36:57Z</time>
					</trkpt>
					<trkpt lat="48.776220" lon="2.122080">
						<ele>106</ele>
						<time>2024-05-16T17:37:18Z</time>
					</trkpt>
					<trkpt lat="48.776320" lon="2.121850">
						<ele>106</ele>
						<time>2024-05-16T17:37:27Z</time>
					</trkpt>
					<trkpt lat="48.776520" lon="2.121050">
						<ele>106</ele>
						<time>2024-05-16T17:37:55Z</time>
					</trkpt>
					<trkpt lat="48.776690" lon="2.120570">
						<ele>107</ele>
						<time>2024-05-16T17:38:13Z</time>
					</trkpt>
					<trkpt lat="48.776720" lon="2.120220">
						<ele>108</ele>
						<time>2024-05-16T17:38:25Z</time>
					</trkpt>
					<trkpt lat="48.776830" lon="2.119550">
						<ele>109</ele>
						<time>2024-05-16T17:38:47Z</time>
					</trkpt>
					<trkpt lat="48.776830" lon="2.119210">
						<ele>109</ele>
						<time>2024-05-16T17:38:59Z</time>
					</trkpt>
					<trkpt lat="48.776930" lon="2.118490">
						<ele>112</ele>
						<time>2024-05-16T17:39:23Z</time>
					</trkpt>
					<trkpt lat="48.776910" lon="2.118130">
						<ele>112</ele>
						<time>2024-05-16T17:39:35Z</time>
					</trkpt>
					<trkpt lat="48.776810" lon="2.118010">
						<ele>111</ele>
						<time>2024-05-16T17:39:41Z</time>
					</trkpt>
					<trkpt lat="48.776810" lon="2.117760">
						<ele>111</ele>
						<time>2024-05-16T17:39:49Z</time>
					</trkpt>
					<trkpt lat="48.777370" lon="2.117640">
						<ele>116</ele>
						<time>2024-05-16T17:40:18Z</time>
					</trkpt>
					<trkpt lat="48.777480" lon="2.117670">
						<ele>117</ele>
						<time>2024-05-16T17:40:23Z</time>
					</trkpt>
					<trkpt lat="48.777640" lon="2.117860">
						<ele>120</ele>
						<time>2024-05-16T17:40:33Z</time>
					</trkpt>
					<trkpt lat="48.777660" lon="2.119230">
						<ele>119</ele>
						<time>2024-05-16T17:41:19Z</time>
					</trkpt>
					<trkpt lat="48.777970" lon="2.119180">
						<ele>125</ele>
						<time>2024-05-16T17:41:34Z</time>
					</trkpt>
					<trkpt lat="48.778240" lon="2.119420">
						<ele>132</ele>
						<time>2024-05-16T17:41:50Z</time>
					</trkpt>
					<trkpt lat="48.778410" lon="2.119790">
						<ele>136</ele>
						<time>2024-05-16T17:42:05Z</time>
					</trkpt>
					<trkpt lat="48.778840" lon="2.121460">
						<ele>148</ele>
						<time>2024-05-16T17:43:04Z</time>
					</trkpt>
					<trkpt lat="48.779330" lon="2.121950">
						<ele>156</ele>
						<time>2024-05-16T17:43:33Z</time>
					</trkpt>
					<trkpt lat="48.779810" lon="2.122290">
						<ele>162</ele>
						<time>2024-05-16T17:44:00Z</time>
					</trkpt>
					<trkpt lat="48.780030" lon="2.123040">
						<ele>161</ele>
						<time>2024-05-16T17:44:27Z</time>
					</trkpt>
					<trkpt lat="48.779930" lon="2.124380">
						<ele>160</ele>
						<time>2024-05-16T17:45:11Z</time>
					</trkpt>
					<trkpt lat="48.780000" lon="2.124540">
						<ele>162</ele>
						<time>2024-05-16T17:45:18Z</time>
					</trkpt>
					<trkpt lat="48.781010" lon="2.126000">
						<ele>176</ele>
						<time>2024-05-16T17:46:27Z</time>
					</trkpt>
					<trkpt lat="48.781710" lon="2.126860">
						<ele>176</ele>
						<time>2024-05-16T17:47:13Z</time>
					</trkpt>
					<trkpt lat="48.782170" lon="2.127540">
						<ele>178</ele>
						<time>2024-05-16T17:47:45Z</time>
					</trkpt>
					<trkpt lat="48.782060" lon="2.128000">
						<ele>175</ele>
						<time>2024-05-16T17:48:01Z</time>
					</trkpt>
					<trkpt lat="48.782150" lon="2.128820">
						<ele>168</ele>
						<time>2024-05-16T17:48:28Z</time>
					</trkpt>
					<trkpt lat="48.782370" lon="2.129520">
						<ele>163</ele>
						<time>2024-05-16T17:48:54Z</time>
					</trkpt>
					<trkpt lat="48.782660" lon="2.129830">
						<ele>162</ele>
						<time>2024-05-16T17:49:12Z</time>
					</trkpt>
					<trkpt lat="48.783220" lon="2.129910">
						<ele>164</ele>
						<time>2024-05-16T17:49:40Z</time>
					</trkpt>
					<trkpt lat="48.783760" lon="2.130460">
						<ele>164</ele>
						<time>2024-05-16T17:50:12Z</time>
					</trkpt>
					<trkpt lat="48.783580" lon="2.132340">
						<ele>146</ele>
						<time>2024-05-16T17:51:15Z</time>
					</trkpt>
					<trkpt lat="48.784350" lon="2.132490">
						<ele>149</ele>
						<time>2024-05-16T17:51:54Z</time>
					</trkpt>
					<trkpt lat="48.784250" lon="2.133360">
						<ele>152</ele>
						<time>2024-05-16T17:52:23Z</time>
					</trkpt>
					<trkpt lat="48.783300" lon="2.133140">
						<ele>150</ele>
						<time>2024-05-16T17:53:11Z</time>
					</trkpt>
					<trkpt lat="48.783100" lon="2.133130">
						<ele>150</ele>
						<time>2024-05-16T17:53:21Z</time>
					</trkpt>
					<trkpt lat="48.782220" lon="2.132970">
						<ele>148</ele>
						<time>2024-05-16T17:54:05Z</time>
					</trkpt>
					<trkpt lat="48.782110" lon="2.132960">
						<ele>148</ele>
						<time>2024-05-16T17:54:11Z</time>
					</trkpt>
					<trkpt lat="48.781800" lon="2.133020">
						<ele>148</ele>
						<time>2024-05-16T17:54:26Z</time>
					</trkpt>
					<trkpt lat="48.781670" lon="2.133020">
						<ele>147</ele>
						<time>2024-05-16T17:54:33Z</time>
					</trkpt>
					<trkpt lat="48.781240" lon="2.132910">
						<ele>149</ele>
						<time>2024-05-16T17:54:55Z</time>
					</trkpt>
					<trkpt lat="48.781140" lon="2.132940">
						<ele>151</ele>
						<time>2024-05-16T17:55:00Z</time>
					</trkpt>
					<trkpt lat="48.781040" lon="2.133180">
						<ele>156</ele>
						<time>2024-05-16T17:55:09Z</time>
					</trkpt>
					<trkpt lat="48.780960" lon="2.133280">
						<ele>158</ele>
						<time>2024-05-16T17:55:14Z</time>
					</trkpt>
					<trkpt lat="48.780740" lon="2.133270">
						<ele>159</ele>
						<time>2024-05-16T17:55:25Z</time>
					</trkpt>
					<trkpt lat="48.780620" lon="2.133210">
						<ele>158</ele>
						<time>2024-05-16T17:55:32Z</time>
					</trkpt>
					<trkpt lat="48.780350" lon="2.133380">
						<ele>161</ele>
						<time>2024-05-16T17:55:46Z</time>
					</trkpt>
					<trkpt lat="48.779940" lon="2.134350">
						<ele>173</ele>
						<time>2024-05-16T17:56:24Z</time>
					</trkpt>
					<trkpt lat="48.779850" lon="2.134420">
						<ele>173</ele>
						<time>2024-05-16T17:56:29Z</time>
					</trkpt>
					<trkpt lat="48.779760" lon="2.134360">
						<ele>173</ele>
						<time>2024-05-16T17:56:34Z</time>
					</trkpt>
					<trkpt lat="48.779440" lon="2.134020">
						<ele>170</ele>
						<time>2024-05-16T17:56:54Z</time>
					</trkpt>
					<trkpt lat="48.777750" lon="2.132450">
						<ele>167</ele>
						<time>2024-05-16T17:58:33Z</time>
					</trkpt>
					<trkpt lat="48.777480" lon="2.132220">
						<ele>166</ele>
						<time>2024-05-16T17:58:49Z</time>
					</trkpt>
					<trkpt lat="48.777320" lon="2.132140">
						<ele>164</ele>
						<time>2024-05-16T17:58:57Z</time>
					</trkpt>
					<trkpt lat="48.777210" lon="2.132130">
						<ele>163</ele>
						<time>2024-05-16T17:59:03Z</time>
					</trkpt>
					<trkpt lat="48.777120" lon="2.132180">
						<ele>163</ele>
						<time>2024-05-16T17:59:07Z</time>
					</trkpt>
					<trkpt lat="48.777050" lon="2.132270">
						<ele>163</ele>
						<time>2024-05-16T17:59:12Z</time>
					</trkpt>
					<trkpt lat="48.776410" lon="2.133520">
						<ele>161</ele>
						<time>2024-05-16T18:00:04Z</time>
					</trkpt>
					<trkpt lat="48.776330" lon="2.133620">
						<ele>160</ele>
						<time>2024-05-16T18:00:09Z</time>
					</trkpt>
					<trkpt lat="48.776220" lon="2.133640">
						<ele>159</ele>
						<time>2024-05-16T18:00:15Z</time>
					</trkpt>
					<trkpt lat="48.776120" lon="2.133690">
						<ele>157</ele>
						<time>2024-05-16T18:00:20Z</time>
					</trkpt>
					<trkpt lat="48.775790" lon="2.133920">
						<ele>154</ele>
						<time>2024-05-16T18:00:38Z</time>
					</trkpt>
					<trkpt lat="48.775710" lon="2.134000">
						<ele>153</ele>
						<time>2024-05-16T18:00:43Z</time>
					</trkpt>
					<trkpt lat="48.775630" lon="2.134130">
						<ele>151</ele>
						<time>2024-05-16T18:00:49Z</time>
					</trkpt>
					<trkpt lat="48.775590" lon="2.134300">
						<ele>151</ele>
						<time>2024-05-16T18:00:55Z</time>
					</trkpt>
					<trkpt lat="48.775590" lon="2.134490">
						<ele>151</ele>
						<time>2024-05-16T18:01:01Z</time>
					</trkpt>
					<trkpt lat="48.775620" lon="2.134680">
						<ele>152</ele>
						<time>2024-05-16T18:01:08Z</time>
					</trkpt>
					<trkpt lat="48.775740" lon="2.135000">
						<ele>154</ele>
						<time>2024-05-16T18:01:20Z</time>
					</trkpt>
					<trkpt lat="48.775770" lon="2.135380">
						<ele>155</ele>
						<time>2024-05-16T18:01:32Z</time>
					</trkpt>
					<trkpt lat="48.775740" lon="2.135560">
						<ele>155</ele>
						<time>2024-05-16T18:01:38Z</time>
					</trkpt>
					<trkpt lat="48.775580" lon="2.135890">
						<ele>153</ele>
						<time>2024-05-16T18:01:52Z</time>
					</trkpt>
					<trkpt lat="48.775530" lon="2.136070">
						<ele>153</ele>
						<time>2024-05-16T18:01:58Z</time>
					</trkpt>
					<trkpt lat="48.775520" lon="2.136240">
						<ele>154</ele>
						<time>2024-05-16T18:02:04Z</time>
					</trkpt>
					<trkpt lat="48.775460" lon="2.136400">
						<ele>154</ele>
						<time>2024-05-16T18:02:10Z</time>
					</trkpt>
					<trkpt lat="48.775140" lon="2.136710">
						<ele>152</ele>
						<time>2024-05-16T18:02:29Z</time>
					</trkpt>
					<trkpt lat="48.775070" lon="2.136870">
						<ele>152</ele>
						<time>2024-05-16T18:02:35Z</time>
					</trkpt>
					<trkpt lat="48.774890" lon="2.136300">
						<ele>146</ele>
						<time>2024-05-16T18:02:56Z</time>
					</trkpt>
					<trkpt lat="48.774780" lon="2.135710">
						<ele>140</ele>
						<time>2024-05-16T18:03:17Z</time>
					</trkpt>
					<trkpt lat="48.774760" lon="2.135070">
						<ele>134</ele>
						<time>2024-05-16T18:03:38Z</time>
					</trkpt>
					<trkpt lat="48.774450" lon="2.135410">
						<ele>130</ele>
						<time>2024-05-16T18:03:57Z</time>
					</trkpt>
					<trkpt lat="48.774030" lon="2.136020">
						<ele>124</ele>
						<time>2024-05-16T18:04:26Z</time>
					</trkpt>
					<trkpt lat="48.773700" lon="2.136820">
						<ele>119</ele>
						<time>2024-05-16T18:04:57Z</time>
					</trkpt>
					<trkpt lat="48.773510" lon="2.137660">
						<ele>114</ele>
						<time>2024-05-16T18:05:26Z</time>
					</trkpt>
					<trkpt lat="48.773370" lon="2.138130">
						<ele>112</ele>
						<time>2024-05-16T18:05:43Z</time>
					</trkpt>
					<trkpt lat="48.772780" lon="2.139830">
						<ele>113</ele>
						<time>2024-05-16T18:06:47Z</time>
					</trkpt>
					<trkpt lat="48.772670" lon="2.140050">
						<ele>112</ele>
						<time>2024-05-16T18:06:56Z</time>
					</trkpt>
					<trkpt lat="48.772530" lon="2.140430">
						<ele>112</ele>
						<time>2024-05-16T18:07:10Z</time>
					</trkpt>
					<trkpt lat="48.772190" lon="2.140850">
						<ele>111</ele>
						<time>2024-05-16T18:07:32Z</time>
					</trkpt>
					<trkpt lat="48.772010" lon="2.140870">
						<ele>109</ele>
						<time>2024-05-16T18:07:41Z</time>
					</trkpt>
					<trkpt lat="48.771710" lon="2.141240">
						<ele>109</ele>
						<time>2024-05-16T18:08:00Z</time>
					</trkpt>
					<trkpt lat="48.771640" lon="2.141370">
						<ele>109</ele>
						<time>2024-05-16T18:08:06Z</time>
					</trkpt>
					<trkpt lat="48.771500" lon="2.141880">
						<ele>112</ele>
						<time>2024-05-16T18:08:24Z</time>
					</trkpt>
					<trkpt lat="48.771430" lon="2.142280">
						<ele>115</ele>
						<time>2024-05-16T18:08:38Z</time>
					</trkpt>
					<trkpt lat="48.771370" lon="2.142480">
						<ele>115</ele>
						<time>2024-05-16T18:08:45Z</time>
					</trkpt>
					<trkpt lat="48.771300" lon="2.142640">
						<ele>115</ele>
						<time>2024-05-16T18:08:51Z</time>
					</trkpt>
					<trkpt lat="48.771110" lon="2.143270">
						<ele>117</ele>
						<time>2024-05-16T18:09:14Z</time>
					</trkpt>
					<trkpt lat="48.770900" lon="2.143760">
						<ele>115</ele>
						<time>2024-05-16T18:09:34Z</time>
					</trkpt>
					<trkpt lat="48.770860" lon="2.143930">
						<ele>115</ele>
						<time>2024-05-16T18:09:40Z</time>
					</trkpt>
					<trkpt lat="48.770780" lon="2.144660">
						<ele>117</ele>
						<time>2024-05-16T18:10:04Z</time>
					</trkpt>
					<trkpt lat="48.770810" lon="2.145120">
						<ele>119</ele>
						<time>2024-05-16T18:10:19Z</time>
					</trkpt>
					<trkpt lat="48.770800" lon="2.145310">
						<ele>117</ele>
						<time>2024-05-16T18:10:25Z</time>
					</trkpt>
					<trkpt lat="48.770690" lon="2.145670">
						<ele>113</ele>
						<time>2024-05-16T18:10:39Z</time>
					</trkpt>
					<trkpt lat="48.770630" lon="2.146370">
						<ele>107</ele>
						<time>2024-05-16T18:11:02Z</time>
					</trkpt>
					<trkpt lat="48.770650" lon="2.146530">
						<ele>106</ele>
						<time>2024-05-16T18:11:07Z</time>
					</trkpt>
					<trkpt lat="48.770700" lon="2.146670">
						<ele>105</ele>
						<time>2024-05-16T18:11:12Z</time>
					</trkpt>
					<trkpt lat="48.770940" lon="2.147040">
						<ele>108</ele>
						<time>2024-05-16T18:11:30Z</time>
					</trkpt>
					<trkpt lat="48.771120" lon="2.147270">
						<ele>109</ele>
						<time>2024-05-16T18:11:41Z</time>
					</trkpt>
					<trkpt lat="48.771560" lon="2.147500">
						<ele>112</ele>
						<time>2024-05-16T18:12:05Z</time>
					</trkpt>
					<trkpt lat="48.771620" lon="2.147620">
						<ele>114</ele>
						<time>2024-05-16T18:12:10Z</time>
					</trkpt>
					<trkpt lat="48.771610" lon="2.147740">
						<ele>115</ele>
						<time>2024-05-16T18:12:14Z</time>
					</trkpt>
					<trkpt lat="48.771600" lon="2.147800">
						<ele>115</ele>
						<time>2024-05-16T18:12:16Z</time>
					</trkpt>
					<trkpt lat="48.771520" lon="2.147860">
						<ele>115</ele>
						<time>2024-05-16T18:12:20Z</time>
					</trkpt>
					<trkpt lat="48.771430" lon="2.147790">
						<ele>114</ele>
						<time>2024-05-16T18:12:25Z</time>
					</trkpt>
					<trkpt lat="48.771280" lon="2.147750">
						<ele>113</ele>
						<time>2024-05-16T18:12:33Z</time>
					</trkpt>
					<trkpt lat="48.771130" lon="2.147800">
						<ele>113</ele>
						<time>2024-05-16T18:12:40Z</time>
					</trkpt>
					<trkpt lat="48.770940" lon="2.148020">
						<ele>114</ele>
						<time>2024-05-16T18:12:52Z</time>
					</trkpt>
					<trkpt lat="48.770610" lon="2.148600">
						<ele>119</ele>
						<time>2024-05-16T18:13:18Z</time>
					</trkpt>
					<trkpt lat="48.770230" lon="2.149590">
						<ele>127</ele>
						<time>2024-05-16T18:13:56Z</time>
					</trkpt>
					<trkpt lat="48.770030" lon="2.150350">
						<ele>132</ele>
						<time>2024-05-16T18:14:23Z</time>
					</trkpt>
					<trkpt lat="48.769990" lon="2.150690">
						<ele>134</ele>
						<time>2024-05-16T18:14:34Z</time>
					</trkpt>
					<trkpt lat="48.770040" lon="2.151260">
						<ele>138</ele>
						<time>2024-05-16T18:14:53Z</time>
					</trkpt>
					<trkpt lat="48.770160" lon="2.151680">
						<ele>143</ele>
						<time>2024-05-16T18:15:08Z</time>
					</trkpt>
					<trkpt lat="48.770340" lon="2.151880">
						<ele>147</ele>
						<time>2024-05-16T18:15:19Z</time>
					</trkpt>
					<trkpt lat="48.770550" lon="2.152050">
						<ele>153</ele>
						<time>2024-05-16T18:15:31Z</time>
					</trkpt>
					<trkpt lat="48.770960" lon="2.152500">
						<ele>160</ele>
						<time>2024-05-16T18:15:56Z</time>
					</trkpt>
					<trkpt lat="48.771030" lon="2.152660">
						<ele>160</ele>
						<time>2024-05-16T18:16:03Z</time>
					</trkpt>
					<trkpt lat="48.771070" lon="2.152840">
						<ele>160</ele>
						<time>2024-05-16T18:16:09Z</time>
					</trkpt>
					<trkpt lat="48.771080" lon="2.153170">
						<ele>160</ele>
						<time>2024-05-16T18:16:20Z</time>
					</trkpt>
					<trkpt lat="48.771140" lon="2.153410">
						<ele>161</ele>
						<time>2024-05-16T18:16:28Z</time>
					</trkpt>
					<trkpt lat="48.773110" lon="2.154800">
						<ele>170</ele>
						<time>2024-05-16T18:18:17Z</time>
					</trkpt>
					<trkpt lat="48.777250" lon="2.158040">
						<ele>174</ele>
						<time>2024-05-16T18:22:10Z</time>
					</trkpt>
					<trkpt lat="48.776640" lon="2.161020">
						<ele>181</ele>
						<time>2024-05-16T18:23:53Z</time>
					</trkpt>
					<trkpt lat="48.776710" lon="2.161140">
						<ele>180</ele>
						<time>2024-05-16T18:23:58Z</time>
					</trkpt>
					<trkpt lat="48.776940" lon="2.161230">
						<ele>181</ele>
						<time>2024-05-16T18:24:10Z</time>
					</trkpt>
					<trkpt lat="48.776950" lon="2.161400">
						<ele>181</ele>
						<time>2024-05-16T18:24:16Z</time>
					</trkpt>
					<trkpt lat="48.776910" lon="2.161570">
						<ele>180</ele>
						<time>2024-05-16T18:24:22Z</time>
					</trkpt>
					<trkpt lat="48.776910" lon="2.161940">
						<ele>179</ele>
						<time>2024-05-16T18:24:34Z</time>
					</trkpt>
					<trkpt lat="48.776850" lon="2.162530">
						<ele>179</ele>
						<time>2024-05-16T18:24:54Z</time>
					</trkpt>
					<trkpt lat="48.776800" lon="2.163450">
						<ele>180</ele>
						<time>2024-05-16T18:25:24Z</time>
					</trkpt>
					<trkpt lat="48.776810" lon="2.163620">
						<ele>180</ele>
						<time>2024-05-16T18:25:30Z</time>
					</trkpt>
					<trkpt lat="48.776900" lon="2.163750">
						<ele>181</ele>
						<time>2024-05-16T18:25:36Z</time>
					</trkpt>
					<trkpt lat="48.777030" lon="2.163820">
						<ele>181</ele>
						<time>2024-05-16T18:25:43Z</time>
					</trkpt>
					<trkpt lat="48.777350" lon="2.163920">
						<ele>183</ele>
						<time>2024-05-16T18:25:59Z</time>
					</trkpt>
					<trkpt lat="48.778200" lon="2.164250">
						<ele>183</ele>
						<time>2024-05-16T18:26:43Z</time>
					</trkpt>
					<trkpt lat="48.778420" lon="2.164370">
						<ele>183</ele>
						<time>2024-05-16T18:26:55Z</time>
					</trkpt>
					<trkpt lat="48.779350" lon="2.164700">
						<ele>182</ele>
						<time>2024-05-16T18:27:43Z</time>
					</trkpt>
					<trkpt lat="48.779470" lon="2.164720">
						<ele>182</ele>
						<time>2024-05-16T18:27:49Z</time>
					</trkpt>
					<trkpt lat="48.780070" lon="2.164980">
						<ele>182</ele>
						<time>2024-05-16T18:28:20Z</time>
					</trkpt>
					<trkpt lat="48.780740" lon="2.165210">
						<ele>183</ele>
						<time>2024-05-16T18:28:54Z</time>
					</trkpt>
					<trkpt lat="48.780850" lon="2.165200">
						<ele>183</ele>
						<time>2024-05-16T18:29:00Z</time>
					</trkpt>
					<trkpt lat="48.780940" lon="2.165120">
						<ele>183</ele>
						<time>2024-05-16T18:29:05Z</time>
					</trkpt>
					<trkpt lat="48.781180" lon="2.164560">
						<ele>182</ele>
						<time>2024-05-16T18:29:27Z</time>
					</trkpt>
					<trkpt lat="48.781260" lon="2.164460">
						<ele>182</ele>
						<time>2024-05-16T18:29:32Z</time>
					</trkpt>
					<trkpt lat="48.781360" lon="2.164400">
						<ele>182</ele>
						<time>2024-05-16T18:29:38Z</time>
					</trkpt>
					<trkpt lat="48.781460" lon="2.164390">
						<ele>181</ele>
						<time>2024-05-16T18:29:43Z</time>
					</trkpt>
					<trkpt lat="48.781850" lon="2.164460">
						<ele>181</ele>
						<time>2024-05-16T18:30:02Z</time>
					</trkpt>
					<trkpt lat="48.782580" lon="2.164700">
						<ele>184</ele>
						<time>2024-05-16T18:30:40Z</time>
					</trkpt>
					<trkpt lat="48.782670" lon="2.164640">
						<ele>184</ele>
						<time>2024-05-16T18:30:45Z</time>
					</trkpt>
					<trkpt lat="48.782740" lon="2.163420">
						<ele>185</ele>
						<time>2024-05-16T18:31:25Z</time>
					</trkpt>
					<trkpt lat="48.782810" lon="2.163070">
						<ele>185</ele>
						<time>2024-05-16T18:31:37Z</time>
					</trkpt>
					<trkpt lat="48.782970" lon="2.162590">
						<ele>185</ele>
						<time>2024-05-16T18:31:55Z</time>
					</trkpt>
					<trkpt lat="48.783230" lon="2.161660">
						<ele>185</ele>
						<time>2024-05-16T18:32:28Z</time>
					</trkpt>
					<trkpt lat="48.785180" lon="2.161030">
						<ele>186</ele>
						<time>2024-05-16T18:34:08Z</time>
					</trkpt>
					<trkpt lat="48.786160" lon="2.160770">
						<ele>176</ele>
						<time>2024-05-16T18:34:58Z</time>
					</trkpt>
					<trkpt lat="48.786330" lon="2.160830">
						<ele>173</ele>
						<time>2024-05-16T18:35:06Z</time>
					</trkpt>
					<trkpt lat="48.786390" lon="2.161110">
						<ele>174</ele>
						<time>2024-05-16T18:35:16Z</time>
					</trkpt>
					<trkpt lat="48.786420" lon="2.161900">
						<ele>176</ele>
						<time>2024-05-16T18:35:42Z</time>
					</trkpt>
					<trkpt lat="48.786500" lon="2.162170">
						<ele>175</ele>
						<time>2024-05-16T18:35:52Z</time>
					</trkpt>
					<trkpt lat="48.786520" lon="2.163290">
						<ele>173</ele>
						<time>2024-05-16T18:36:29Z</time>
					</trkpt>
					<trkpt lat="48.786430" lon="2.163560">
						<ele>174</ele>
						<time>2024-05-16T18:36:39Z</time>
					</trkpt>
					<trkpt lat="48.786250" lon="2.163870">
						<ele>176</ele>
						<time>2024-05-16T18:36:52Z</time>
					</trkpt>
					<trkpt lat="48.786180" lon="2.164130">
						<ele>177</ele>
						<time>2024-05-16T18:37:02Z</time>
					</trkpt>
					<trkpt lat="48.786200" lon="2.164220">
						<ele>177</ele>
						<time>2024-05-16T18:37:05Z</time>
					</trkpt>
					<trkpt lat="48.788360" lon="2.163330">
						<ele>139</ele>
						<time>2024-05-16T18:38:57Z</time>
					</trkpt>
					<trkpt lat="48.788890" lon="2.163150">
						<ele>139</ele>
						<time>2024-05-16T18:39:24Z</time>
					</trkpt>
					<trkpt lat="48.789390" lon="2.163030">
						<ele>136</ele>
						<time>2024-05-16T18:39:49Z</time>
					</trkpt>
					<trkpt lat="48.789520" lon="2.163330">
						<ele>137</ele>
						<time>2024-05-16T18:40:01Z</time>
					</trkpt>
					<trkpt lat="48.789760" lon="2.163750">
						<ele>138</ele>
						<time>2024-05-16T18:40:20Z</time>
					</trkpt>
					<trkpt lat="48.788350" lon="2.167200">
						<ele>167</ele>
						<time>2024-05-16T18:42:33Z</time>
					</trkpt>
					<trkpt lat="48.788250" lon="2.167520">
						<ele>171</ele>
						<time>2024-05-16T18:42:45Z</time>
					</trkpt>
					<trkpt lat="48.787960" lon="2.168160">
						<ele>176</ele>
						<time>2024-05-16T18:43:11Z</time>
					</trkpt>
					<trkpt lat="48.788120" lon="2.168340">
						<ele>176</ele>
						<time>2024-05-16T18:43:21Z</time>
					</trkpt>
					<trkpt lat="48.788330" lon="2.168360">
						<ele>176</ele>
						<time>2024-05-16T18:43:31Z</time>
					</trkpt>
					<trkpt lat="48.788500" lon="2.168260">
						<ele>176</ele>
						<time>2024-05-16T18:43:40Z</time>
					</trkpt>
					<trkpt lat="48.788760" lon="2.167940">
						<ele>173</ele>
						<time>2024-05-16T18:43:57Z</time>
					</trkpt>
					<trkpt lat="48.789080" lon="2.167660">
						<ele>171</ele>
						<time>2024-05-16T18:44:16Z</time>
					</trkpt>
					<trkpt lat="48.789690" lon="2.167490">
						<ele>171</ele>
						<time>2024-05-16T18:44:47Z</time>
					</trkpt>
					<trkpt lat="48.790200" lon="2.167650">
						<ele>172</ele>
						<time>2024-05-16T18:45:13Z</time>
					</trkpt>
					<trkpt lat="48.790640" lon="2.167980">
						<ele>173</ele>
						<time>2024-05-16T18:45:37Z</time>
					</trkpt>
					<trkpt lat="48.791060" lon="2.168560">
						<ele>175</ele>
						<time>2024-05-16T18:46:06Z</time>
					</trkpt>
					<trkpt lat="48.792140" lon="2.172860">
						<ele>175</ele>
						<time>2024-05-16T18:48:37Z</time>
					</trkpt>
					<trkpt lat="48.791650" lon="2.175050">
						<ele>173</ele>
						<time>2024-05-16T18:49:54Z</time>
					</trkpt>
					<trkpt lat="48.791200" lon="2.176680">
						<ele>174</ele>
						<time>2024-05-16T18:50:52Z</time>
					</trkpt>
					<trkpt lat="48.791050" lon="2.176940">
						<ele>174</ele>
						<time>2024-05-16T18:51:03Z</time>
					</trkpt>
					<trkpt lat="48.790590" lon="2.177290">
						<ele>177</ele>
						<time>2024-05-16T18:51:29Z</time>
					</trkpt>
					<trkpt lat="48.789830" lon="2.177960">
						<ele>177</ele>
						<time>2024-05-16T18:52:13Z</time>
					</trkpt>
					<trkpt lat="48.789160" lon="2.178480">
						<ele>177</ele>
						<time>2024-05-16T18:52:51Z</time>
					</trkpt>
					<trkpt lat="48.788560" lon="2.179010">
						<ele>174</ele>
						<time>2024-05-16T18:53:25Z</time>
					</trkpt>
					<trkpt lat="48.788490" lon="2.179130">
						<ele>173</ele>
						<time>2024-05-16T18:53:31Z</time>
					</trkpt>
					<trkpt lat="48.788450" lon="2.179420">
						<ele>174</ele>
						<time>2024-05-16T18:53:40Z</time>
					</trkpt>
					<trkpt lat="48.788270" lon="2.179910">
						<ele>175</ele>
						<time>2024-05-16T18:53:59Z</time>
					</trkpt>
					<trkpt lat="48.788340" lon="2.180170">
						<ele>176</ele>
						<time>2024-05-16T18:54:08Z</time>
					</trkpt>
					<trkpt lat="48.788650" lon="2.180320">
						<ele>176</ele>
						<time>2024-05-16T18:54:24Z</time>
					</trkpt>
					<trkpt lat="48.789830" lon="2.181130">
						<ele>176</ele>
						<time>2024-05-16T18:55:29Z</time>
					</trkpt>
					<trkpt lat="48.790020" lon="2.181350">
						<ele>176</ele>
						<time>2024-05-16T18:55:41Z</time>
					</trkpt>
					<trkpt lat="48.790640" lon="2.182230">
						<ele>179</ele>
						<time>2024-05-16T18:56:24Z</time>
					</trkpt>
					<trkpt lat="48.790840" lon="2.182470">
						<ele>179</ele>
						<time>2024-05-16T18:56:36Z</time>
					</trkpt>
					<trkpt lat="48.791010" lon="2.182740">
						<ele>179</ele>
						<time>2024-05-16T18:56:49Z</time>
					</trkpt>
					<trkpt lat="48.791060" lon="2.182880">
						<ele>179</ele>
						<time>2024-05-16T18:56:54Z</time>
					</trkpt>
					<trkpt lat="48.791130" lon="2.182990">
						<ele>179</ele>
						<time>2024-05-16T18:56:59Z</time>
					</trkpt>
					<trkpt lat="48.791460" lon="2.183250">
						<ele>178</ele>
						<time>2024-05-16T18:57:18Z</time>
					</trkpt>
					<trkpt lat="48.791680" lon="2.183510">
						<ele>176</ele>
						<time>2024-05-16T18:57:32Z</time>
					</trkpt>
					<trkpt lat="48.791890" lon="2.183700">
						<ele>173</ele>
						<time>2024-05-16T18:57:44Z</time>
					</trkpt>
					<trkpt lat="48.792270" lon="2.184200">
						<ele>163</ele>
						<time>2024-05-16T18:58:09Z</time>
					</trkpt>
					<trkpt lat="48.792500" lon="2.184430">
						<ele>157</ele>
						<time>2024-05-16T18:58:23Z</time>
					</trkpt>
					<trkpt lat="48.793260" lon="2.185340">
						<ele>142</ele>
						<time>2024-05-16T18:59:11Z</time>
					</trkpt>
					<trkpt lat="48.794300" lon="2.186490">
						<ele>127</ele>
						<time>2024-05-16T19:00:16Z</time>
					</trkpt>
					<trkpt lat="48.794100" lon="2.186910">
						<ele>125</ele>
						<time>2024-05-16T19:00:33Z</time>
					</trkpt>
					<trkpt lat="48.793770" lon="2.187110">
						<ele>126</ele>
						<time>2024-05-16T19:00:50Z</time>
					</trkpt>
					<trkpt lat="48.793590" lon="2.187350">
						<ele>125</ele>
						<time>2024-05-16T19:01:02Z</time>
					</trkpt>
					<trkpt lat="48.793510" lon="2.187850">
						<ele>125</ele>
						<time>2024-05-16T19:01:19Z</time>
					</trkpt>
					<trkpt lat="48.793520" lon="2.188180">
						<ele>126</ele>
						<time>2024-05-16T19:01:30Z</time>
					</trkpt>
					<trkpt lat="48.792450" lon="2.188860">
						<ele>140</ele>
						<time>2024-05-16T19:02:28Z</time>
					</trkpt>
					<trkpt lat="48.791570" lon="2.192250">
						<ele>127</ele>
						<time>2024-05-16T19:04:28Z</time>
					</trkpt>
					<trkpt lat="48.791010" lon="2.194740">
						<ele>142</ele>
						<time>2024-05-16T19:05:55Z</time>
					</trkpt>
					<trkpt lat="48.788650" lon="2.193400">
						<ele>174</ele>
						<time>2024-05-16T19:08:01Z</time>
					</trkpt>
					<trkpt lat="48.788280" lon="2.194590">
						<ele>174</ele>
						<time>2024-05-16T19:08:45Z</time>
					</trkpt>
					<trkpt lat="48.788160" lon="2.194870">
						<ele>174</ele>
						<time>2024-05-16T19:08:56Z</time>
					</trkpt>
					<trkpt lat="48.788080" lon="2.195160">
						<ele>172</ele>
						<time>2024-05-16T19:09:06Z</time>
					</trkpt>
					<trkpt lat="48.788010" lon="2.195260">
						<ele>172</ele>
						<time>2024-05-16T19:09:11Z</time>
					</trkpt>
					<trkpt lat="48.787800" lon="2.196060">
						<ele>170</ele>
						<time>2024-05-16T19:09:39Z</time>
					</trkpt>
					<trkpt lat="48.787190" lon="2.197900">
						<ele>160</ele>
						<time>2024-05-16T19:10:47Z</time>
					</trkpt>
					<trkpt lat="48.787090" lon="2.197890">
						<ele>159</ele>
						<time>2024-05-16T19:10:52Z</time>
					</trkpt>
					<trkpt lat="48.786970" lon="2.197930">
						<ele>158</ele>
						<time>2024-05-16T19:10:58Z</time>
					</trkpt>
					<trkpt lat="48.786880" lon="2.198070">
						<ele>157</ele>
						<time>2024-05-16T19:11:05Z</time>
					</trkpt>
					<trkpt lat="48.786580" lon="2.198430">
						<ele>155</ele>
						<time>2024-05-16T19:11:24Z</time>
					</trkpt>
					<trkpt lat="48.786190" lon="2.198820">
						<ele>158</ele>
						<time>2024-05-16T19:11:47Z</time>
					</trkpt>
					<trkpt lat="48.786120" lon="2.198920">
						<ele>159</ele>
						<time>2024-05-16T19:11:52Z</time>
					</trkpt>
					<trkpt lat="48.786080" lon="2.199060">
						<ele>161</ele>
						<time>2024-05-16T19:11:57Z</time>
					</trkpt>
					<trkpt lat="48.786440" lon="2.199860">
						<ele>162</ele>
						<time>2024-05-16T19:12:29Z</time>
					</trkpt>
					<trkpt lat="48.786660" lon="2.200590">
						<ele>158</ele>
						<time>2024-05-16T19:12:56Z</time>
					</trkpt>
					<trkpt lat="48.786750" lon="2.201070">
						<ele>157</ele>
						<time>2024-05-16T19:13:12Z</time>
					</trkpt>
					<trkpt lat="48.787570" lon="2.202890">
						<ele>145</ele>
						<time>2024-05-16T19:14:25Z</time>
					</trkpt>
					<trkpt lat="48.787020" lon="2.203570">
						<ele>155</ele>
						<time>2024-05-16T19:15:00Z</time>
					</trkpt>
					<trkpt lat="48.786810" lon="2.204070">
						<ele>160</ele>
						<time>2024-05-16T19:15:20Z</time>
					</trkpt>
					<trkpt lat="48.786330" lon="2.204360">
						<ele>166</ele>
						<time>2024-05-16T19:15:46Z</time>
					</trkpt>
					<trkpt lat="48.786010" lon="2.204900">
						<ele>170</ele>
						<time>2024-05-16T19:16:10Z</time>
					</trkpt>
					<trkpt lat="48.785460" lon="2.205390">
						<ele>175</ele>
						<time>2024-05-16T19:16:41Z</time>
					</trkpt>
					<trkpt lat="48.785150" lon="2.206540">
						<ele>175</ele>
						<time>2024-05-16T19:17:22Z</time>
					</trkpt>
					<trkpt lat="48.788860" lon="2.209600">
						<ele>178</ele>
						<time>2024-05-16T19:20:54Z</time>
					</trkpt>
					<trkpt lat="48.791150" lon="2.211530">
						<ele>177</ele>
						<time>2024-05-16T19:23:05Z</time>
					</trkpt>
					<trkpt lat="48.793800" lon="2.214580">
						<ele>187</ele>
						<time>2024-05-16T19:25:51Z</time>
					</trkpt>
					<trkpt lat="48.793800" lon="2.216060">
						<ele>185</ele>
						<time>2024-05-16T19:26:40Z</time>
					</trkpt>
					<trkpt lat="48.793770" lon="2.216380">
						<ele>182</ele>
						<time>2024-05-16T19:26:51Z</time>
					</trkpt>
					<trkpt lat="48.793800" lon="2.216700">
						<ele>180</ele>
						<time>2024-05-16T19:27:01Z</time>
					</trkpt>
					<trkpt lat="48.793790" lon="2.217040">
						<ele>178</ele>
						<time>2024-05-16T19:27:13Z</time>
					</trkpt>
					<trkpt lat="48.793820" lon="2.217680">
						<ele>175</ele>
						<time>2024-05-16T19:27:34Z</time>
					</trkpt>
					<trkpt lat="48.793800" lon="2.218010">
						<ele>174</ele>
						<time>2024-05-16T19:27:45Z</time>
					</trkpt>
					<trkpt lat="48.793730" lon="2.218290">
						<ele>173</ele>
						<time>2024-05-16T19:27:55Z</time>
					</trkpt>
					<trkpt lat="48.793610" lon="2.218540">
						<ele>173</ele>
						<time>2024-05-16T19:28:05Z</time>
					</trkpt>
					<trkpt lat="48.793760" lon="2.219130">
						<ele>171</ele>
						<time>2024-05-16T19:28:26Z</time>
					</trkpt>
					<trkpt lat="48.793810" lon="2.219240">
						<ele>171</ele>
						<time>2024-05-16T19:28:30Z</time>
					</trkpt>
					<trkpt lat="48.793860" lon="2.219230">
						<ele>171</ele>
						<time>2024-05-16T19:28:33Z</time>
					</trkpt>
					<trkpt lat="48.793880" lon="2.219410">
						<ele>170</ele>
						<time>2024-05-16T19:28:39Z</time>
					</trkpt>
					<trkpt lat="48.793860" lon="2.219580">
						<ele>170</ele>
						<time>2024-05-16T19:28:44Z</time>
					</trkpt>
					<trkpt lat="48.793920" lon="2.219930">
						<ele>170</ele>
						<time>2024-05-16T19:28:56Z</time>
					</trkpt>
					<trkpt lat="48.794510" lon="2.221480">
						<ele>171</ele>
						<time>2024-05-16T19:29:55Z</time>
					</trkpt>
					<trkpt lat="48.794730" lon="2.222210">
						<ele>171</ele>
						<time>2024-05-16T19:30:22Z</time>
					</trkpt>
					<trkpt lat="48.794860" lon="2.222440">
						<ele>170</ele>
						<time>2024-05-16T19:30:32Z</time>
					</trkpt>
					<trkpt lat="48.795010" lon="2.222620">
						<ele>170</ele>
						<time>2024-05-16T19:30:41Z</time>
					</trkpt>
					<trkpt lat="48.795420" lon="2.223030">
						<ele>168</ele>
						<time>2024-05-16T19:31:06Z</time>
					</trkpt>
					<trkpt lat="48.795450" lon="2.223230">
						<ele>168</ele>
						<time>2024-05-16T19:31:13Z</time>
					</trkpt>
					<trkpt lat="48.795270" lon="2.223890">
						<ele>166</ele>
						<time>2024-05-16T19:31:36Z</time>
					</trkpt>
					<trkpt lat="48.794410" lon="2.226580">
						<ele>146</ele>
						<time>2024-05-16T19:33:15Z</time>
					</trkpt>
					<trkpt lat="48.794110" lon="2.228370">
						<ele>163</ele>
						<time>2024-05-16T19:34:16Z</time>
					</trkpt>
					<trkpt lat="48.795640" lon="2.227750">
						<ele>140</ele>
						<time>2024-05-16T19:35:35Z</time>
					</trkpt>
					<trkpt lat="48.796020" lon="2.227620">
						<ele>136</ele>
						<time>2024-05-16T19:35:54Z</time>
					</trkpt>
					<trkpt lat="48.796190" lon="2.227570">
						<ele>135</ele>
						<time>2024-05-16T19:36:03Z</time>
					</trkpt>
					<trkpt lat="48.796380" lon="2.227630">
						<ele>133</ele>
						<time>2024-05-16T19:36:13Z</time>
					</trkpt>
					<trkpt lat="48.795280" lon="2.232540">
						<ele>121</ele>
						<time>2024-05-16T19:39:04Z</time>
					</trkpt>
					<trkpt lat="48.794940" lon="2.232580">
						<ele>121</ele>
						<time>2024-05-16T19:39:21Z</time>
					</trkpt>
					<trkpt lat="48.794600" lon="2.232850">
						<ele>123</ele>
						<time>2024-05-16T19:39:40Z</time>
					</trkpt>
					<trkpt lat="48.794230" lon="2.233210">
						<ele>126</ele>
						<time>2024-05-16T19:40:02Z</time>
					</trkpt>
					<trkpt lat="48.794100" lon="2.234080">
						<ele>124</ele>
						<time>2024-05-16T19:40:31Z</time>
					</trkpt>
					<trkpt lat="48.792970" lon="2.234630">
						<ele>131</ele>
						<time>2024-05-16T19:41:31Z</time>
					</trkpt>
					<trkpt lat="48.791690" lon="2.235120">
						<ele>139</ele>
						<time>2024-05-16T19:42:37Z</time>
					</trkpt>
					<trkpt lat="48.791310" lon="2.234980">
						<ele>144</ele>
						<time>2024-05-16T19:42:56Z</time>
					</trkpt>
					<trkpt lat="48.791040" lon="2.234770">
						<ele>148</ele>
						<time>2024-05-16T19:43:11Z</time>
					</trkpt>
					<trkpt lat="48.790740" lon="2.234750">
						<ele>152</ele>
						<time>2024-05-16T19:43:26Z</time>
					</trkpt>
					<trkpt lat="48.790480" lon="2.234930">
						<ele>154</ele>
						<time>2024-05-16T19:43:41Z</time>
					</trkpt>
					<trkpt lat="48.790330" lon="2.234990">
						<ele>156</ele>
						<time>2024-05-16T19:43:49Z</time>
					</trkpt>
					<trkpt lat="48.790250" lon="2.235150">
						<ele>157</ele>
						<time>2024-05-16T19:43:55Z</time>
					</trkpt>
					<trkpt lat="48.790240" lon="2.235350">
						<ele>159</ele>
						<time>2024-05-16T19:44:02Z</time>
					</trkpt>
					<trkpt lat="48.790290" lon="2.235720">
						<ele>161</ele>
						<time>2024-05-16T19:44:14Z</time>
					</trkpt>
					<trkpt lat="48.790160" lon="2.235850">
						<ele>163</ele>
						<time>2024-05-16T19:44:22Z</time>
					</trkpt>
					<trkpt lat="48.789940" lon="2.235910">
						<ele>166</ele>
						<time>2024-05-16T19:44:33Z</time>
					</trkpt>
					<trkpt lat="48.789670" lon="2.235910">
						<ele>168</ele>
						<time>2024-05-16T19:44:47Z</time>
					</trkpt>
					<trkpt lat="48.789430" lon="2.236160">
						<ele>169</ele>
						<time>2024-05-16T19:45:01Z</time>
					</trkpt>
					<trkpt lat="48.789110" lon="2.236600">
						<ele>170</ele>
						<time>2024-05-16T19:45:23Z</time>
					</trkpt>
					<trkpt lat="48.789090" lon="2.236950">
						<ele>170</ele>
						<time>2024-05-16T19:45:34Z</time>
					</trkpt>
					<trkpt lat="48.789240" lon="2.237430">
						<ele>168</ele>
						<time>2024-05-16T19:45:52Z</time>
					</trkpt>
					<trkpt lat="48.789590" lon="2.239910">
						<ele>169</ele>
						<time>2024-05-16T19:47:16Z</time>
					</trkpt>
					<trkpt lat="48.790810" lon="2.241240">
						<ele>165</ele>
						<time>2024-05-16T19:48:31Z</time>
					</trkpt>
					<trkpt lat="48.791220" lon="2.241430">
						<ele>160</ele>
						<time>2024-05-16T19:48:52Z</time>
					</trkpt>
					<trkpt lat="48.791420" lon="2.242050">
						<ele>160</ele>
						<time>2024-05-16T19:49:15Z</time>
					</trkpt>
					<trkpt lat="48.791430" lon="2.242410">
						<ele>162</ele>
						<time>2024-05-16T19:49:27Z</time>
					</trkpt>
					<trkpt lat="48.791910" lon="2.241870">
						<ele>156</ele>
						<time>2024-05-16T19:49:57Z</time>
					</trkpt>
					<trkpt lat="48.792260" lon="2.241320">
						<ele>149</ele>
						<time>2024-05-16T19:50:22Z</time>
					</trkpt>
					<trkpt lat="48.792800" lon="2.240570">
						<ele>140</ele>
						<time>2024-05-16T19:50:59Z</time>
					</trkpt>
					<trkpt lat="48.793510" lon="2.240350">
						<ele>131</ele>
						<time>2024-05-16T19:51:35Z</time>
					</trkpt>
					<trkpt lat="48.794010" lon="2.240130">
						<ele>129</ele>
						<time>2024-05-16T19:52:01Z</time>
					</trkpt>
					<trkpt lat="48.794400" lon="2.240300">
						<ele>127</ele>
						<time>2024-05-16T19:52:21Z</time>
					</trkpt>
					<trkpt lat="48.794650" lon="2.240830">
						<ele>128</ele>
						<time>2024-05-16T19:52:43Z</time>
					</trkpt>
					<trkpt lat="48.794660" lon="2.241840">
						<ele>133</ele>
						<time>2024-05-16T19:53:16Z</time>
					</trkpt>
					<trkpt lat="48.794600" lon="2.242290">
						<ele>135</ele>
						<time>2024-05-16T19:53:31Z</time>
					</trkpt>
					<trkpt lat="48.794630" lon="2.242770">
						<ele>135</ele>
						<time>2024-05-16T19:53:47Z</time>
					</trkpt>
					<trkpt lat="48.794820" lon="2.243120">
						<ele>133</ele>
						<time>2024-05-16T19:54:02Z</time>
					</trkpt>
					<trkpt lat="48.795160" lon="2.243490">
						<ele>132</ele>
						<time>2024-05-16T19:54:23Z</time>
					</trkpt>
					<trkpt lat="48.795280" lon="2.243570">
						<ele>133</ele>
						<time>2024-05-16T19:54:29Z</time>
					</trkpt>
					<trkpt lat="48.795090" lon="2.244980">
						<ele>134</ele>
						<time>2024-05-16T19:55:17Z</time>
					</trkpt>
					<trkpt lat="48.795380" lon="2.246220">
						<ele>147</ele>
						<time>2024-05-16T19:56:00Z</time>
					</trkpt>
					<trkpt lat="48.795600" lon="2.247610">
						<ele>159</ele>
						<time>2024-05-16T19:56:47Z</time>
					</trkpt>
					<trkpt lat="48.796200" lon="2.247720">
						<ele>164</ele>
						<time>2024-05-16T19:57:18Z</time>
					</trkpt>
					<trkpt lat="48.796550" lon="2.247970">
						<ele>168</ele>
						<time>2024-05-16T19:57:37Z</time>
					</trkpt>
					<trkpt lat="48.796780" lon="2.247510">
						<ele>170</ele>
						<time>2024-05-16T19:57:56Z</time>
					</trkpt>
					<trkpt lat="48.797230" lon="2.246760">
						<ele>170</ele>
						<time>2024-05-16T19:58:30Z</time>
					</trkpt>
					<trkpt lat="48.798030" lon="2.245700">
						<ele>172</ele>
						<time>2024-05-16T19:59:23Z</time>
					</trkpt>
					<trkpt lat="48.799650" lon="2.247800">
						<ele>168</ele>
						<time>2024-05-16T20:01:09Z</time>
					</trkpt>
					<trkpt lat="48.799910" lon="2.248200">
						<ele>165</ele>
						<time>2024-05-16T20:01:28Z</time>
					</trkpt>
					<trkpt lat="48.800080" lon="2.248200">
						<ele>165</ele>
						<time>2024-05-16T20:01:36Z</time>
					</trkpt>
					<trkpt lat="48.800240" lon="2.248160">
						<ele>166</ele>
						<time>2024-05-16T20:01:44Z</time>
					</trkpt>
					<trkpt lat="48.800380" lon="2.248230">
						<ele>167</ele>
						<time>2024-05-16T20:01:52Z</time>
					</trkpt>
					<trkpt lat="48.800460" lon="2.248440">
						<ele>167</ele>
						<time>2024-05-16T20:02:00Z</time>
					</trkpt>
					<trkpt lat="48.800520" lon="2.248510">
						<ele>168</ele>
						<time>2024-05-16T20:02:04Z</time>
					</trkpt>
					<trkpt lat="48.800590" lon="2.248840">
						<ele>169</ele>
						<time>2024-05-16T20:02:15Z</time>
					</trkpt>
					<trkpt lat="48.800680" lon="2.249060">
						<ele>169</ele>
						<time>2024-05-16T20:02:24Z</time>
					</trkpt>
					<trkpt lat="48.800730" lon="2.249260">
						<ele>170</ele>
						<time>2024-05-16T20:02:31Z</time>
					</trkpt>
					<trkpt lat="48.800830" lon="2.250010">
						<ele>170</ele>
						<time>2024-05-16T20:02:56Z</time>
					</trkpt>
					<trkpt lat="48.801160" lon="2.251170">
						<ele>167</ele>
						<time>2024-05-16T20:03:37Z</time>
					</trkpt>
					<trkpt lat="48.801700" lon="2.251360">
						<ele>166</ele>
						<time>2024-05-16T20:04:05Z</time>
					</trkpt>
					<trkpt lat="48.802110" lon="2.251440">
						<ele>164</ele>
						<time>2024-05-16T20:04:26Z</time>
					</trkpt>
					<trkpt lat="48.802300" lon="2.251280">
						<ele>164</ele>
						<time>2024-05-16T20:04:37Z</time>
					</trkpt>
					<trkpt lat="48.802340" lon="2.250860">
						<ele>166</ele>
						<time>2024-05-16T20:04:51Z</time>
					</trkpt>
					<trkpt lat="48.802550" lon="2.250600">
						<ele>166</ele>
						<time>2024-05-16T20:05:04Z</time>
					</trkpt>
					<trkpt lat="48.802800" lon="2.250620">
						<ele>164</ele>
						<time>2024-05-16T20:05:17Z</time>
					</trkpt>
					<trkpt lat="48.803340" lon="2.250830">
						<ele>160</ele>
						<time>2024-05-16T20:05:45Z</time>
					</trkpt>
					<trkpt lat="48.803500" lon="2.250670">
						<ele>160</ele>
						<time>2024-05-16T20:05:54Z</time>
					</trkpt>
					<trkpt lat="48.803620" lon="2.250110">
						<ele>161</ele>
						<time>2024-05-16T20:06:14Z</time>
					</trkpt>
					<trkpt lat="48.804570" lon="2.250720">
						<ele>151</ele>
						<time>2024-05-16T20:07:05Z</time>
					</trkpt>
					<trkpt lat="48.804630" lon="2.251020">
						<ele>149</ele>
						<time>2024-05-16T20:07:16Z</time>
					</trkpt>
					<trkpt lat="48.804840" lon="2.251260">
						<ele>145</ele>
						<time>2024-05-16T20:07:29Z</time>
					</trkpt>
					<trkpt lat="48.805080" lon="2.251430">
						<ele>142</ele>
						<time>2024-05-16T20:07:42Z</time>
					</trkpt>
					<trkpt lat="48.805130" lon="2.250730">
						<ele>143</ele>
						<time>2024-05-16T20:08:05Z</time>
					</trkpt>
					<trkpt lat="48.805250" lon="2.250090">
						<ele>142</ele>
						<time>2024-05-16T20:08:27Z</time>
					</trkpt>
					<trkpt lat="48.805330" lon="2.249970">
						<ele>140</ele>
						<time>2024-05-16T20:08:33Z</time>
					</trkpt>
					<trkpt lat="48.805460" lon="2.250120">
						<ele>138</ele>
						<time>2024-05-16T20:08:41Z</time>
					</trkpt>
					<trkpt lat="48.805940" lon="2.249600">
						<ele>131</ele>
						<time>2024-05-16T20:09:11Z</time>
					</trkpt>
					<trkpt lat="48.805940" lon="2.249430">
						<ele>131</ele>
						<time>2024-05-16T20:09:16Z</time>
					</trkpt>
					<trkpt lat="48.806940" lon="2.248730">
						<ele>119</ele>
						<time>2024-05-16T20:10:11Z</time>
					</trkpt>
					<trkpt lat="48.806680" lon="2.248050">
						<ele>120</ele>
						<time>2024-05-16T20:10:37Z</time>
					</trkpt>
					<trkpt lat="48.806410" lon="2.248250">
						<ele>124</ele>
						<time>2024-05-16T20:10:52Z</time>
					</trkpt>
					<trkpt lat="48.806370" lon="2.248380">
						<ele>125</ele>
						<time>2024-05-16T20:10:57Z</time>
					</trkpt>
					<trkpt lat="48.806320" lon="2.248270">
						<ele>125</ele>
						<time>2024-05-16T20:11:01Z</time>
					</trkpt>
					<trkpt lat="48.805970" lon="2.248630">
						<ele>130</ele>
						<time>2024-05-16T20:11:22Z</time>
					</trkpt>
					<trkpt lat="48.805650" lon="2.248150">
						<ele>133</ele>
						<time>2024-05-16T20:11:45Z</time>
					</trkpt>
					<trkpt lat="48.805560" lon="2.248300">
						<ele>134</ele>
						<time>2024-05-16T20:11:52Z</time>
					</trkpt>
					<trkpt lat="48.805390" lon="2.248240">
						<ele>136</ele>
						<time>2024-05-16T20:12:00Z</time>
					</trkpt>
					<trkpt lat="48.805190" lon="2.248000">
						<ele>137</ele>
						<time>2024-05-16T20:12:13Z</time>
					</trkpt>
					<trkpt lat="48.805020" lon="2.247900">
						<ele>139</ele>
						<time>2024-05-16T20:12:22Z</time>
					</trkpt>
					<trkpt lat="48.804880" lon="2.247910">
						<ele>141</ele>
						<time>2024-05-16T20:12:29Z</time>
					</trkpt>
					<trkpt lat="48.804750" lon="2.247750">
						<ele>143</ele>
						<time>2024-05-16T20:12:38Z</time>
					</trkpt>
					<trkpt lat="48.804590" lon="2.247490">
						<ele>146</ele>
						<time>2024-05-16T20:12:49Z</time>
					</trkpt>
					<trkpt lat="48.804460" lon="2.247220">
						<ele>146</ele>
						<time>2024-05-16T20:13:00Z</time>
					</trkpt>
					<trkpt lat="48.804270" lon="2.246980">
						<ele>148</ele>
						<time>2024-05-16T20:13:13Z</time>
					</trkpt>
					<trkpt lat="48.803900" lon="2.246650">
						<ele>150</ele>
						<time>2024-05-16T20:13:34Z</time>
					</trkpt>
					<trkpt lat="48.803730" lon="2.246610">
						<ele>151</ele>
						<time>2024-05-16T20:13:43Z</time>
					</trkpt>
					<trkpt lat="48.803600" lon="2.246850">
						<ele>155</ele>
						<time>2024-05-16T20:13:53Z</time>
					</trkpt>
					<trkpt lat="48.803420" lon="2.246850">
						<ele>157</ele>
						<time>2024-05-16T20:14:02Z</time>
					</trkpt>
					<trkpt lat="48.803340" lon="2.246970">
						<ele>158</ele>
						<time>2024-05-16T20:14:08Z</time>
					</trkpt>
					<trkpt lat="48.803210" lon="2.247260">
						<ele>162</ele>
						<time>2024-05-16T20:14:19Z</time>
					</trkpt>
					<trkpt lat="48.803090" lon="2.247250">
						<ele>163</ele>
						<time>2024-05-16T20:14:25Z</time>
					</trkpt>
					<trkpt lat="48.803000" lon="2.247120">
						<ele>163</ele>
						<time>2024-05-16T20:14:32Z</time>
					</trkpt>
					<trkpt lat="48.802920" lon="2.247210">
						<ele>165</ele>
						<time>2024-05-16T20:14:37Z</time>
					</trkpt>
					<trkpt lat="48.802480" lon="2.245310">
						<ele>156</ele>
						<time>2024-05-16T20:15:43Z</time>
					</trkpt>
					<trkpt lat="48.802030" lon="2.243150">
						<ele>137</ele>
						<time>2024-05-16T20:16:58Z</time>
					</trkpt>
					<trkpt lat="48.801750" lon="2.242080">
						<ele>125</ele>
						<time>2024-05-16T20:17:36Z</time>
					</trkpt>
					<trkpt lat="48.801340" lon="2.242080">
						<ele>127</ele>
						<time>2024-05-16T20:17:56Z</time>
					</trkpt>
					<trkpt lat="48.800860" lon="2.241810">
						<ele>127</ele>
						<time>2024-05-16T20:18:22Z</time>
					</trkpt>
					<trkpt lat="48.800700" lon="2.241450">
						<ele>124</ele>
						<time>2024-05-16T20:18:36Z</time>
					</trkpt>
					<trkpt lat="48.800620" lon="2.241090">
						<ele>122</ele>
						<time>2024-05-16T20:18:48Z</time>
					</trkpt>
					<trkpt lat="48.800440" lon="2.240800">
						<ele>121</ele>
						<time>2024-05-16T20:19:02Z</time>
					</trkpt>
					<trkpt lat="48.799300" lon="2.239970">
						<ele>123</ele>
						<time>2024-05-16T20:20:05Z</time>
					</trkpt>
					<trkpt lat="48.798940" lon="2.239470">
						<ele>121</ele>
						<time>2024-05-16T20:20:29Z</time>
					</trkpt>
					<trkpt lat="48.798690" lon="2.239220">
						<ele>120</ele>
						<time>2024-05-16T20:20:44Z</time>
					</trkpt>
					<trkpt lat="48.798400" lon="2.239030">
						<ele>118</ele>
						<time>2024-05-16T20:21:00Z</time>
					</trkpt>
					<trkpt lat="48.797760" lon="2.238820">
						<ele>112</ele>
						<time>2024-05-16T20:21:33Z</time>
					</trkpt>
					<trkpt lat="48.796810" lon="2.237730">
						<ele>110</ele>
						<time>2024-05-16T20:22:32Z</time>
					</trkpt>
					<trkpt lat="48.795600" lon="2.236140">
						<ele>116</ele>
						<time>2024-05-16T20:23:53Z</time>
					</trkpt>
					<trkpt lat="48.795450" lon="2.234810">
						<ele>118</ele>
						<time>2024-05-16T20:24:37Z</time>
					</trkpt>
					<trkpt lat="48.795710" lon="2.234700">
						<ele>114</ele>
						<time>2024-05-16T20:24:51Z</time>
					</trkpt>
					<trkpt lat="48.795960" lon="2.234630">
						<ele>113</ele>
						<time>2024-05-16T20:25:03Z</time>
					</trkpt>
					<trkpt lat="48.796150" lon="2.236090">
						<ele>112</ele>
						<time>2024-05-16T20:25:52Z</time>
					</trkpt>
					<trkpt lat="48.797120" lon="2.236590">
						<ele>110</ele>
						<time>2024-05-16T20:26:44Z</time>
					</trkpt>
					<trkpt lat="48.797960" lon="2.235550">
						<ele>108</ele>
						<time>2024-05-16T20:27:38Z</time>
					</trkpt>
					<trkpt lat="48.798120" lon="2.235300">
						<ele>109</ele>
						<time>2024-05-16T20:27:49Z</time>
					</trkpt>
					<trkpt lat="48.798180" lon="2.234580">
						<ele>110</ele>
						<time>2024-05-16T20:28:13Z</time>
					</trkpt>
					<trkpt lat="48.798110" lon="2.234100">
						<ele>111</ele>
						<time>2024-05-16T20:28:29Z</time>
					</trkpt>
					<trkpt lat="48.798030" lon="2.233890">
						<ele>111</ele>
						<time>2024-05-16T20:28:37Z</time>
					</trkpt>
					<trkpt lat="48.797480" lon="2.233100">
						<ele>114</ele>
						<time>2024-05-16T20:29:15Z</time>
					</trkpt>
					<trkpt lat="48.797470" lon="2.232910">
						<ele>115</ele>
						<time>2024-05-16T20:29:22Z</time>
					</trkpt>
					<trkpt lat="48.797540" lon="2.232760">
						<ele>116</ele>
						<time>2024-05-16T20:29:28Z</time>
					</trkpt>
					<trkpt lat="48.797460" lon="2.232450">
						<ele>118</ele>
						<time>2024-05-16T20:29:39Z</time>
					</trkpt>
					<trkpt lat="48.797610" lon="2.232400">
						<ele>118</ele>
						<time>2024-05-16T20:29:46Z</time>
					</trkpt>
					<trkpt lat="48.797640" lon="2.232280">
						<ele>119</ele>
						<time>2024-05-16T20:29:51Z</time>
					</trkpt>
					<trkpt lat="48.797510" lon="2.232010">
						<ele>121</ele>
						<time>2024-05-16T20:30:02Z</time>
					</trkpt>
					<trkpt lat="48.797600" lon="2.231770">
						<ele>123</ele>
						<time>2024-05-16T20:30:11Z</time>
					</trkpt>
					<trkpt lat="48.797790" lon="2.231050">
						<ele>127</ele>
						<time>2024-05-16T20:30:36Z</time>
					</trkpt>
					<trkpt lat="48.797890" lon="2.231370">
						<ele>124</ele>
						<time>2024-05-16T20:30:48Z</time>
					</trkpt>
					<trkpt lat="48.798050" lon="2.231650">
						<ele>120</ele>
						<time>2024-05-16T20:31:00Z</time>
					</trkpt>
					<trkpt lat="48.798570" lon="2.232190">
						<ele>118</ele>
						<time>2024-05-16T20:31:32Z</time>
					</trkpt>
					<trkpt lat="48.798940" lon="2.232660">
						<ele>116</ele>
						<time>2024-05-16T20:31:56Z</time>
					</trkpt>
					<trkpt lat="48.799590" lon="2.233350">
						<ele>115</ele>
						<time>2024-05-16T20:32:36Z</time>
					</trkpt>
					<trkpt lat="48.799880" lon="2.233620">
						<ele>115</ele>
						<time>2024-05-16T20:32:53Z</time>
					</trkpt>
					<trkpt lat="48.801020" lon="2.234270">
						<ele>114</ele>
						<time>2024-05-16T20:33:53Z</time>
					</trkpt>
					<trkpt lat="48.801780" lon="2.234090">
						<ele>115</ele>
						<time>2024-05-16T20:34:32Z</time>
					</trkpt>
					<trkpt lat="48.802650" lon="2.233850">
						<ele>120</ele>
						<time>2024-05-16T20:35:16Z</time>
					</trkpt>
					<trkpt lat="48.803050" lon="2.233920">
						<ele>120</ele>
						<time>2024-05-16T20:35:36Z</time>
					</trkpt>
					<trkpt lat="48.803290" lon="2.234010">
						<ele>120</ele>
						<time>2024-05-16T20:35:49Z</time>
					</trkpt>
					<trkpt lat="48.803360" lon="2.234010">
						<ele>120</ele>
						<time>2024-05-16T20:35:52Z</time>
					</trkpt>
					<trkpt lat="48.803550" lon="2.234070">
						<ele>120</ele>
						<time>2024-05-16T20:36:02Z</time>
					</trkpt>
					<trkpt lat="48.805160" lon="2.233560">
						<ele>137</ele>
						<time>2024-05-16T20:37:24Z</time>
					</trkpt>
					<trkpt lat="48.805150" lon="2.233320">
						<ele>139</ele>
						<time>2024-05-16T20:37:32Z</time>
					</trkpt>
					<trkpt lat="48.804350" lon="2.233490">
						<ele>132</ele>
						<time>2024-05-16T20:38:13Z</time>
					</trkpt>
					<trkpt lat="48.804270" lon="2.232690">
						<ele>141</ele>
						<time>2024-05-16T20:38:39Z</time>
					</trkpt>
					<trkpt lat="48.805090" lon="2.232490">
						<ele>148</ele>
						<time>2024-05-16T20:39:21Z</time>
					</trkpt>
					<trkpt lat="48.805300" lon="2.232480">
						<ele>149</ele>
						<time>2024-05-16T20:39:31Z</time>
					</trkpt>
					<trkpt lat="48.805340" lon="2.232850">
						<ele>145</ele>
						<time>2024-05-16T20:39:44Z</time>
					</trkpt>
					<trkpt lat="48.805590" lon="2.232830">
						<ele>147</ele>
						<time>2024-05-16T20:39:56Z</time>
					</trkpt>
					<trkpt lat="48.805640" lon="2.233370">
						<ele>144</ele>
						<time>2024-05-16T20:40:14Z</time>
					</trkpt>
					<trkpt lat="48.805780" lon="2.233420">
						<ele>145</ele>
						<time>2024-05-16T20:40:21Z</time>
					</trkpt>
					<trkpt lat="48.806260" lon="2.233320">
						<ele>146</ele>
						<time>2024-05-16T20:40:46Z</time>
					</trkpt>
					<trkpt lat="48.806900" lon="2.233150">
						<ele>145</ele>
						<time>2024-05-16T20:41:18Z</time>
					</trkpt>
					<trkpt lat="48.807490" lon="2.233040">
						<ele>142</ele>
						<time>2024-05-16T20:41:48Z</time>
					</trkpt>
					<trkpt lat="48.808410" lon="2.232770">
						<ele>142</ele>
						<time>2024-05-16T20:42:35Z</time>
					</trkpt>
					<trkpt lat="48.809010" lon="2.232630">
						<ele>142</ele>
						<time>2024-05-16T20:43:05Z</time>
					</trkpt>
					<trkpt lat="48.809140" lon="2.232560">
						<ele>143</ele>
						<time>2024-05-16T20:43:12Z</time>
					</trkpt>
					<trkpt lat="48.809220" lon="2.232420">
						<ele>143</ele>
						<time>2024-05-16T20:43:18Z</time>
					</trkpt>
					<trkpt lat="48.809180" lon="2.231980">
						<ele>146</ele>
						<time>2024-05-16T20:43:33Z</time>
					</trkpt>
					<trkpt lat="48.808860" lon="2.231560">
						<ele>150</ele>
						<time>2024-05-16T20:43:54Z</time>
					</trkpt>
					<trkpt lat="48.808650" lon="2.231380">
						<ele>153</ele>
						<time>2024-05-16T20:44:06Z</time>
					</trkpt>
					<trkpt lat="48.808310" lon="2.231400">
						<ele>155</ele>
						<time>2024-05-16T20:44:23Z</time>
					</trkpt>
					<trkpt lat="48.806890" lon="2.231740">
						<ele>155</ele>
						<time>2024-05-16T20:45:35Z</time>
					</trkpt>
					<trkpt lat="48.806350" lon="2.231670">
						<ele>156</ele>
						<time>2024-05-16T20:46:02Z</time>
					</trkpt>
					<trkpt lat="48.805850" lon="2.231470">
						<ele>155</ele>
						<time>2024-05-16T20:46:28Z</time>
					</trkpt>
					<trkpt lat="48.805600" lon="2.231580">
						<ele>155</ele>
						<time>2024-05-16T20:46:41Z</time>
					</trkpt>
					<trkpt lat="48.804240" lon="2.230930">
						<ele>158</ele>
						<time>2024-05-16T20:47:52Z</time>
					</trkpt>
					<trkpt lat="48.803740" lon="2.230660">
						<ele>163</ele>
						<time>2024-05-16T20:48:19Z</time>
					</trkpt>
					<trkpt lat="48.803620" lon="2.230540">
						<ele>165</ele>
						<time>2024-05-16T20:48:26Z</time>
					</trkpt>
					<trkpt lat="48.803700" lon="2.230490">
						<ele>165</ele>
						<time>2024-05-16T20:48:30Z</time>
					</trkpt>
					<trkpt lat="48.803800" lon="2.230490">
						<ele>164</ele>
						<time>2024-05-16T20:48:35Z</time>
					</trkpt>
					<trkpt lat="48.804390" lon="2.230730">
						<ele>160</ele>
						<time>2024-05-16T20:49:06Z</time>
					</trkpt>
					<trkpt lat="48.804480" lon="2.230710">
						<ele>161</ele>
						<time>2024-05-16T20:49:11Z</time>
					</trkpt>
					<trkpt lat="48.804540" lon="2.230660">
						<ele>161</ele>
						<time>2024-05-16T20:49:14Z</time>
					</trkpt>
					<trkpt lat="48.804450" lon="2.230550">
						<ele>162</ele>
						<time>2024-05-16T20:49:20Z</time>
					</trkpt>
					<trkpt lat="48.803740" lon="2.230280">
						<ele>166</ele>
						<time>2024-05-16T20:49:56Z</time>
					</trkpt>
					<trkpt lat="48.803330" lon="2.230050">
						<ele>170</ele>
						<time>2024-05-16T20:50:18Z</time>
					</trkpt>
					<trkpt lat="48.802360" lon="2.229670">
						<ele>173</ele>
						<time>2024-05-16T20:51:08Z</time>
					</trkpt>
					<trkpt lat="48.801050" lon="2.229010">
						<ele>172</ele>
						<time>2024-05-16T20:52:18Z</time>
					</trkpt>
					<trkpt lat="48.799890" lon="2.228560">
						<ele>172</ele>
						<time>2024-05-16T20:53:17Z</time>
					</trkpt>
					<trkpt lat="48.799530" lon="2.228770">
						<ele>169</ele>
						<time>2024-05-16T20:53:37Z</time>
					</trkpt>
					<trkpt lat="48.799380" lon="2.228620">
						<ele>170</ele>
						<time>2024-05-16T20:53:46Z</time>
					</trkpt>
					<trkpt lat="48.799320" lon="2.228380">
						<ele>171</ele>
						<time>2024-05-16T20:53:54Z</time>
					</trkpt>
					<trkpt lat="48.799360" lon="2.228060">
						<ele>172</ele>
						<time>2024-05-16T20:54:05Z</time>
					</trkpt>
					<trkpt lat="48.799580" lon="2.227870">
						<ele>173</ele>
						<time>2024-05-16T20:54:18Z</time>
					</trkpt>
					<trkpt lat="48.799620" lon="2.227720">
						<ele>174</ele>
						<time>2024-05-16T20:54:23Z</time>
					</trkpt>
					<trkpt lat="48.799760" lon="2.227670">
						<ele>174</ele>
						<time>2024-05-16T20:54:30Z</time>
					</trkpt>
					<trkpt lat="48.800010" lon="2.227440">
						<ele>176</ele>
						<time>2024-05-16T20:54:45Z</time>
					</trkpt>
					<trkpt lat="48.801140" lon="2.226580">
						<ele>179</ele>
						<time>2024-05-16T20:55:48Z</time>
					</trkpt>
					<trkpt lat="48.801220" lon="2.226470">
						<ele>179</ele>
						<time>2024-05-16T20:55:53Z</time>
					</trkpt>
					<trkpt lat="48.801580" lon="2.226240">
						<ele>179</ele>
						<time>2024-05-16T20:56:13Z</time>
					</trkpt>
					<trkpt lat="48.802750" lon="2.225350">
						<ele>176</ele>
						<time>2024-05-16T20:57:18Z</time>
					</trkpt>
					<trkpt lat="48.802780" lon="2.225140">
						<ele>176</ele>
						<time>2024-05-16T20:57:26Z</time>
					</trkpt>
					<trkpt lat="48.802760" lon="2.225010">
						<ele>176</ele>
						<time>2024-05-16T20:57:30Z</time>
					</trkpt>
					<trkpt lat="48.802790" lon="2.224820">
						<ele>175</ele>
						<time>2024-05-16T20:57:36Z</time>
					</trkpt>
					<trkpt lat="48.802900" lon="2.224680">
						<ele>175</ele>
						<time>2024-05-16T20:57:44Z</time>
					</trkpt>
					<trkpt lat="48.802580" lon="2.223780">
						<ele>176</ele>
						<time>2024-05-16T20:58:17Z</time>
					</trkpt>
					<trkpt lat="48.801810" lon="2.221190">
						<ele>182</ele>
						<time>2024-05-16T20:59:51Z</time>
					</trkpt>
					<trkpt lat="48.802880" lon="2.220330">
						<ele>182</ele>
						<time>2024-05-16T21:00:51Z</time>
					</trkpt>
					<trkpt lat="48.805340" lon="2.223400">
						<ele>174</ele>
						<time>2024-05-16T21:03:31Z</time>
					</trkpt>
					<trkpt lat="48.805430" lon="2.223390">
						<ele>175</ele>
						<time>2024-05-16T21:03:35Z</time>
					</trkpt>
					<trkpt lat="48.805510" lon="2.223510">
						<ele>175</ele>
						<time>2024-05-16T21:03:41Z</time>
					</trkpt>
					<trkpt lat="48.805830" lon="2.224520">
						<ele>174</ele>
						<time>2024-05-16T21:04:18Z</time>
					</trkpt>
					<trkpt lat="48.805950" lon="2.225020">
						<ele>173</ele>
						<time>2024-05-16T21:04:35Z</time>
					</trkpt>
					<trkpt lat="48.806030" lon="2.225140">
						<ele>173</ele>
						<time>2024-05-16T21:04:41Z</time>
					</trkpt>
					<trkpt lat="48.806110" lon="2.225030">
						<ele>173</ele>
						<time>2024-05-16T21:04:46Z</time>
					</trkpt>
					<trkpt lat="48.806090" lon="2.224890">
						<ele>174</ele>
						<time>2024-05-16T21:04:51Z</time>
					</trkpt>
					<trkpt lat="48.806000" lon="2.224820">
						<ele>174</ele>
						<time>2024-05-16T21:04:56Z</time>
					</trkpt>
					<trkpt lat="48.805960" lon="2.224660">
						<ele>174</ele>
						<time>2024-05-16T21:05:02Z</time>
					</trkpt>
					<trkpt lat="48.805710" lon="2.224000">
						<ele>175</ele>
						<time>2024-05-16T21:05:27Z</time>
					</trkpt>
					<trkpt lat="48.805670" lon="2.223820">
						<ele>175</ele>
						<time>2024-05-16T21:05:33Z</time>
					</trkpt>
					<trkpt lat="48.805600" lon="2.223660">
						<ele>175</ele>
						<time>2024-05-16T21:05:40Z</time>
					</trkpt>
					<trkpt lat="48.805480" lon="2.223130">
						<ele>175</ele>
						<time>2024-05-16T21:05:58Z</time>
					</trkpt>
					<trkpt lat="48.805130" lon="2.222880">
						<ele>174</ele>
						<time>2024-05-16T21:06:17Z</time>
					</trkpt>
					<trkpt lat="48.804670" lon="2.222300">
						<ele>175</ele>
						<time>2024-05-16T21:06:47Z</time>
					</trkpt>
					<trkpt lat="48.804590" lon="2.222160">
						<ele>176</ele>
						<time>2024-05-16T21:06:53Z</time>
					</trkpt>
					<trkpt lat="48.803960" lon="2.221440">
						<ele>177</ele>
						<time>2024-05-16T21:07:33Z</time>
					</trkpt>
					<trkpt lat="48.803880" lon="2.221280">
						<ele>177</ele>
						<time>2024-05-16T21:07:40Z</time>
					</trkpt>
					<trkpt lat="48.803770" lon="2.221180">
						<ele>177</ele>
						<time>2024-05-16T21:07:46Z</time>
					</trkpt>
					<trkpt lat="48.803710" lon="2.221050">
						<ele>177</ele>
						<time>2024-05-16T21:07:51Z</time>
					</trkpt>
					<trkpt lat="48.803510" lon="2.220810">
						<ele>178</ele>
						<time>2024-05-16T21:08:04Z</time>
					</trkpt>
					<trkpt lat="48.803160" lon="2.220310">
						<ele>181</ele>
						<time>2024-05-16T21:08:28Z</time>
					</trkpt>
					<trkpt lat="48.802930" lon="2.220080">
						<ele>182</ele>
						<time>2024-05-16T21:08:42Z</time>
					</trkpt>
					<trkpt lat="48.802870" lon="2.220150">
						<ele>182</ele>
						<time>2024-05-16T21:08:46Z</time>
					</trkpt>
					<trkpt lat="48.802660" lon="2.220240">
						<ele>184</ele>
						<time>2024-05-16T21:08:56Z</time>
					</trkpt>
					<trkpt lat="48.802280" lon="2.220550">
						<ele>184</ele>
						<time>2024-05-16T21:09:18Z</time>
					</trkpt>
					<trkpt lat="48.802170" lon="2.220610">
						<ele>184</ele>
						<time>2024-05-16T21:09:24Z</time>
					</trkpt>
					<trkpt lat="48.801970" lon="2.220790">
						<ele>183</ele>
						<time>2024-05-16T21:09:36Z</time>
					</trkpt>
					<trkpt lat="48.801850" lon="2.220870">
						<ele>183</ele>
						<time>2024-05-16T21:09:42Z</time>
					</trkpt>
					<trkpt lat="48.801720" lon="2.220910">
						<ele>183</ele>
						<time>2024-05-16T21:09:49Z</time>
					</trkpt>
					<trkpt lat="48.799880" lon="2.222350">
						<ele>178</ele>
						<time>2024-05-16T21:11:32Z</time>
					</trkpt>
					<trkpt lat="48.799750" lon="2.222740">
						<ele>177</ele>
						<time>2024-05-16T21:11:47Z</time>
					</trkpt>
					<trkpt lat="48.799510" lon="2.227580">
						<ele>173</ele>
						<time>2024-05-16T21:14:27Z</time>
					</trkpt>
					<trkpt lat="48.799240" lon="2.228110">
						<ele>171</ele>
						<time>2024-05-16T21:14:49Z</time>
					</trkpt>
					<trkpt lat="48.799140" lon="2.228170">
						<ele>171</ele>
						<time>2024-05-16T21:14:54Z</time>
					</trkpt>
					<trkpt lat="48.798130" lon="2.227730">
						<ele>147</ele>
						<time>2024-05-16T21:15:47Z</time>
					</trkpt>
					<trkpt lat="48.797600" lon="2.227620">
						<ele>137</ele>
						<time>2024-05-16T21:16:14Z</time>
					</trkpt>
					<trkpt lat="48.797580" lon="2.227340">
						<ele>137</ele>
						<time>2024-05-16T21:16:23Z</time>
					</trkpt>
					<trkpt lat="48.797700" lon="2.226700">
						<ele>139</ele>
						<time>2024-05-16T21:16:45Z</time>
					</trkpt>
					<trkpt lat="48.797760" lon="2.224870">
						<ele>145</ele>
						<time>2024-05-16T21:17:45Z</time>
					</trkpt>
					<trkpt lat="48.797630" lon="2.224780">
						<ele>144</ele>
						<time>2024-05-16T21:17:52Z</time>
					</trkpt>
					<trkpt lat="48.797700" lon="2.223920">
						<ele>151</ele>
						<time>2024-05-16T21:18:21Z</time>
					</trkpt>
					<trkpt lat="48.797070" lon="2.221850">
						<ele>164</ele>
						<time>2024-05-16T21:19:36Z</time>
					</trkpt>
					<trkpt lat="48.798000" lon="2.218580">
						<ele>165</ele>
						<time>2024-05-16T21:21:33Z</time>
					</trkpt>
					<trkpt lat="48.798080" lon="2.217320">
						<ele>169</ele>
						<time>2024-05-16T21:22:15Z</time>
					</trkpt>
					<trkpt lat="48.798260" lon="2.215710">
						<ele>173</ele>
						<time>2024-05-16T21:23:09Z</time>
					</trkpt>
					<trkpt lat="48.798720" lon="2.214650">
						<ele>179</ele>
						<time>2024-05-16T21:23:51Z</time>
					</trkpt>
					<trkpt lat="48.798980" lon="2.214290">
						<ele>179</ele>
						<time>2024-05-16T21:24:08Z</time>
					</trkpt>
					<trkpt lat="48.799190" lon="2.213560">
						<ele>179</ele>
						<time>2024-05-16T21:24:35Z</time>
					</trkpt>
					<trkpt lat="48.799150" lon="2.213330">
						<ele>180</ele>
						<time>2024-05-16T21:24:43Z</time>
					</trkpt>
					<trkpt lat="48.798160" lon="2.210340">
						<ele>175</ele>
						<time>2024-05-16T21:26:33Z</time>
					</trkpt>
					<trkpt lat="48.798130" lon="2.210180">
						<ele>175</ele>
						<time>2024-05-16T21:26:38Z</time>
					</trkpt>
					<trkpt lat="48.797700" lon="2.208820">
						<ele>181</ele>
						<time>2024-05-16T21:27:28Z</time>
					</trkpt>
					<trkpt lat="48.797630" lon="2.208650">
						<ele>181</ele>
						<time>2024-05-16T21:27:35Z</time>
					</trkpt>
					<trkpt lat="48.797530" lon="2.208520">
						<ele>182</ele>
						<time>2024-05-16T21:27:41Z</time>
					</trkpt>
					<trkpt lat="48.797050" lon="2.207110">
						<ele>181</ele>
						<time>2024-05-16T21:28:34Z</time>
					</trkpt>
					<trkpt lat="48.796810" lon="2.206520">
						<ele>180</ele>
						<time>2024-05-16T21:28:56Z</time>
					</trkpt>
					<trkpt lat="48.796800" lon="2.206380">
						<ele>180</ele>
						<time>2024-05-16T21:29:01Z</time>
					</trkpt>
					<trkpt lat="48.797430" lon="2.205490">
						<ele>180</ele>
						<time>2024-05-16T21:29:44Z</time>
					</trkpt>
					<trkpt lat="48.798220" lon="2.205030">
						<ele>180</ele>
						<time>2024-05-16T21:30:27Z</time>
					</trkpt>
					<trkpt lat="48.799470" lon="2.204870">
						<ele>177</ele>
						<time>2024-05-16T21:31:29Z</time>
					</trkpt>
					<trkpt lat="48.799120" lon="2.204180">
						<ele>174</ele>
						<time>2024-05-16T21:31:58Z</time>
					</trkpt>
					<trkpt lat="48.799500" lon="2.204390">
						<ele>174</ele>
						<time>2024-05-16T21:32:18Z</time>
					</trkpt>
					<trkpt lat="48.799860" lon="2.204470">
						<ele>172</ele>
						<time>2024-05-16T21:32:36Z</time>
					</trkpt>
					<trkpt lat="48.800420" lon="2.204440">
						<ele>173</ele>
						<time>2024-05-16T21:33:04Z</time>
					</trkpt>
					<trkpt lat="48.800600" lon="2.204410">
						<ele>173</ele>
						<time>2024-05-16T21:33:14Z</time>
					</trkpt>
					<trkpt lat="48.800860" lon="2.204250">
						<ele>172</ele>
						<time>2024-05-16T21:33:28Z</time>
					</trkpt>
					<trkpt lat="48.801030" lon="2.204240">
						<ele>174</ele>
						<time>2024-05-16T21:33:36Z</time>
					</trkpt>
					<trkpt lat="48.801230" lon="2.203970">
						<ele>173</ele>
						<time>2024-05-16T21:33:50Z</time>
					</trkpt>
					<trkpt lat="48.801360" lon="2.203700">
						<ele>173</ele>
						<time>2024-05-16T21:34:01Z</time>
					</trkpt>
					<trkpt lat="48.801690" lon="2.203320">
						<ele>175</ele>
						<time>2024-05-16T21:34:21Z</time>
					</trkpt>
					<trkpt lat="48.801520" lon="2.203020">
						<ele>172</ele>
						<time>2024-05-16T21:34:34Z</time>
					</trkpt>
					<trkpt lat="48.801580" lon="2.202490">
						<ele>171</ele>
						<time>2024-05-16T21:34:52Z</time>
					</trkpt>
					<trkpt lat="48.801830" lon="2.201930">
						<ele>169</ele>
						<time>2024-05-16T21:35:14Z</time>
					</trkpt>
					<trkpt lat="48.802290" lon="2.201550">
						<ele>169</ele>
						<time>2024-05-16T21:35:41Z</time>
					</trkpt>
					<trkpt lat="48.803040" lon="2.201070">
						<ele>166</ele>
						<time>2024-05-16T21:36:21Z</time>
					</trkpt>
					<trkpt lat="48.803310" lon="2.200550">
						<ele>162</ele>
						<time>2024-05-16T21:36:43Z</time>
					</trkpt>
					<trkpt lat="48.802550" lon="2.199840">
						<ele>150</ele>
						<time>2024-05-16T21:37:28Z</time>
					</trkpt>
					<trkpt lat="48.802280" lon="2.199540">
						<ele>146</ele>
						<time>2024-05-16T21:37:44Z</time>
					</trkpt>
					<trkpt lat="48.801530" lon="2.198910">
						<ele>137</ele>
						<time>2024-05-16T21:38:27Z</time>
					</trkpt>
					<trkpt lat="48.800540" lon="2.197970">
						<ele>126</ele>
						<time>2024-05-16T21:39:26Z</time>
					</trkpt>
					<trkpt lat="48.800210" lon="2.197740">
						<ele>121</ele>
						<time>2024-05-16T21:39:44Z</time>
					</trkpt>
					<trkpt lat="48.799910" lon="2.197440">
						<ele>116</ele>
						<time>2024-05-16T21:40:02Z</time>
					</trkpt>
					<trkpt lat="48.801320" lon="2.196370">
						<ele>129</ele>
						<time>2024-05-16T21:41:21Z</time>
					</trkpt>
					<trkpt lat="48.802830" lon="2.195140">
						<ele>138</ele>
						<time>2024-05-16T21:42:47Z</time>
					</trkpt>
					<trkpt lat="48.804040" lon="2.194210">
						<ele>143</ele>
						<time>2024-05-16T21:43:54Z</time>
					</trkpt>
					<trkpt lat="48.803910" lon="2.193910">
						<ele>142</ele>
						<time>2024-05-16T21:44:06Z</time>
					</trkpt>
					<trkpt lat="48.803950" lon="2.193410">
						<ele>142</ele>
						<time>2024-05-16T21:44:23Z</time>
					</trkpt>
					<trkpt lat="48.803840" lon="2.192840">
						<ele>139</ele>
						<time>2024-05-16T21:44:42Z</time>
					</trkpt>
					<trkpt lat="48.803920" lon="2.192400">
						<ele>136</ele>
						<time>2024-05-16T21:44:58Z</time>
					</trkpt>
					<trkpt lat="48.804200" lon="2.192360">
						<ele>134</ele>
						<time>2024-05-16T21:45:12Z</time>
					</trkpt>
					<trkpt lat="48.804690" lon="2.192360">
						<ele>132</ele>
						<time>2024-05-16T21:45:36Z</time>
					</trkpt>
					<trkpt lat="48.804920" lon="2.192330">
						<ele>131</ele>
						<time>2024-05-16T21:45:48Z</time>
					</trkpt>
					<trkpt lat="48.805030" lon="2.192470">
						<ele>132</ele>
						<time>2024-05-16T21:45:55Z</time>
					</trkpt>
					<trkpt lat="48.805190" lon="2.192120">
						<ele>129</ele>
						<time>2024-05-16T21:46:09Z</time>
					</trkpt>
					<trkpt lat="48.805600" lon="2.192220">
						<ele>130</ele>
						<time>2024-05-16T21:46:30Z</time>
					</trkpt>
					<trkpt lat="48.805660" lon="2.192450">
						<ele>132</ele>
						<time>2024-05-16T21:46:38Z</time>
					</trkpt>
					<trkpt lat="48.806100" lon="2.191630">
						<ele>124</ele>
						<time>2024-05-16T21:47:13Z</time>
					</trkpt>
					<trkpt lat="48.806320" lon="2.191580">
						<ele>122</ele>
						<time>2024-05-16T21:47:24Z</time>
					</trkpt>
					<trkpt lat="48.807680" lon="2.192460">
						<ele>117</ele>
						<time>2024-05-16T21:48:38Z</time>
					</trkpt>
					<trkpt lat="48.807400" lon="2.193660">
						<ele>131</ele>
						<time>2024-05-16T21:49:20Z</time>
					</trkpt>
					<trkpt lat="48.806780" lon="2.194590">
						<ele>136</ele>
						<time>2024-05-16T21:50:03Z</time>
					</trkpt>
					<trkpt lat="48.806210" lon="2.195210">
						<ele>139</ele>
						<time>2024-05-16T21:50:38Z</time>
					</trkpt>
					<trkpt lat="48.806590" lon="2.195340">
						<ele>136</ele>
						<time>2024-05-16T21:50:58Z</time>
					</trkpt>
					<trkpt lat="48.808360" lon="2.195660">
						<ele>115</ele>
						<time>2024-05-16T21:52:27Z</time>
					</trkpt>
					<trkpt lat="48.808500" lon="2.195570">
						<ele>114</ele>
						<time>2024-05-16T21:52:35Z</time>
					</trkpt>
					<trkpt lat="48.808530" lon="2.195600">
						<ele>114</ele>
						<time>2024-05-16T21:52:37Z</time>
					</trkpt>
					<trkpt lat="48.808720" lon="2.196270">
						<ele>116</ele>
						<time>2024-05-16T21:53:01Z</time>
					</trkpt>
					<trkpt lat="48.808800" lon="2.196440">
						<ele>117</ele>
						<time>2024-05-16T21:53:07Z</time>
					</trkpt>
					<trkpt lat="48.808870" lon="2.196850">
						<ele>120</ele>
						<time>2024-05-16T21:53:21Z</time>
					</trkpt>
					<trkpt lat="48.808860" lon="2.196960">
						<ele>120</ele>
						<time>2024-05-16T21:53:25Z</time>
					</trkpt>
					<trkpt lat="48.808930" lon="2.197060">
						<ele>121</ele>
						<time>2024-05-16T21:53:30Z</time>
					</trkpt>
					<trkpt lat="48.808980" lon="2.197240">
						<ele>123</ele>
						<time>2024-05-16T21:53:36Z</time>
					</trkpt>
					<trkpt lat="48.809080" lon="2.197330">
						<ele>125</ele>
						<time>2024-05-16T21:53:42Z</time>
					</trkpt>
					<trkpt lat="48.809130" lon="2.197460">
						<ele>126</ele>
						<time>2024-05-16T21:53:47Z</time>
					</trkpt>
					<trkpt lat="48.809270" lon="2.197710">
						<ele>131</ele>
						<time>2024-05-16T21:53:58Z</time>
					</trkpt>
					<trkpt lat="48.809340" lon="2.197780">
						<ele>132</ele>
						<time>2024-05-16T21:54:02Z</time>
					</trkpt>
					<trkpt lat="48.809370" lon="2.197860">
						<ele>133</ele>
						<time>2024-05-16T21:54:05Z</time>
					</trkpt>
					<trkpt lat="48.809440" lon="2.197900">
						<ele>135</ele>
						<time>2024-05-16T21:54:09Z</time>
					</trkpt>
					<trkpt lat="48.809510" lon="2.198110">
						<ele>138</ele>
						<time>2024-05-16T21:54:17Z</time>
					</trkpt>
					<trkpt lat="48.809500" lon="2.198340">
						<ele>140</ele>
						<time>2024-05-16T21:54:24Z</time>
					</trkpt>
					<trkpt lat="48.809340" lon="2.198580">
						<ele>140</ele>
						<time>2024-05-16T21:54:36Z</time>
					</trkpt>
					<trkpt lat="48.809350" lon="2.198920">
						<ele>144</ele>
						<time>2024-05-16T21:54:47Z</time>
					</trkpt>
					<trkpt lat="48.809290" lon="2.199160">
						<ele>145</ele>
						<time>2024-05-16T21:54:55Z</time>
					</trkpt>
					<trkpt lat="48.809350" lon="2.199300">
						<ele>147</ele>
						<time>2024-05-16T21:55:01Z</time>
					</trkpt>
					<trkpt lat="48.809360" lon="2.199540">
						<ele>149</ele>
						<time>2024-05-16T21:55:09Z</time>
					</trkpt>
					<trkpt lat="48.809310" lon="2.199600">
						<ele>149</ele>
						<time>2024-05-16T21:55:12Z</time>
					</trkpt>
					<trkpt lat="48.809270" lon="2.199710">
						<ele>149</ele>
						<time>2024-05-16T21:55:16Z</time>
					</trkpt>
					<trkpt lat="48.809290" lon="2.199790">
						<ele>150</ele>
						<time>2024-05-16T21:55:19Z</time>
					</trkpt>
					<trkpt lat="48.809310" lon="2.199830">
						<ele>151</ele>
						<time>2024-05-16T21:55:20Z</time>
					</trkpt>
					<trkpt lat="48.809370" lon="2.199810">
						<ele>152</ele>
						<time>2024-05-16T21:55:24Z</time>
					</trkpt>
					<trkpt lat="48.809440" lon="2.199860">
						<ele>153</ele>
						<time>2024-05-16T21:55:27Z</time>
					</trkpt>
					<trkpt lat="48.809560" lon="2.199850">
						<ele>155</ele>
						<time>2024-05-16T21:55:33Z</time>
					</trkpt>
					<trkpt lat="48.809590" lon="2.199930">
						<ele>156</ele>
						<time>2024-05-16T21:55:36Z</time>
					</trkpt>
					<trkpt lat="48.809690" lon="2.200020">
						<ele>158</ele>
						<time>2024-05-16T21:55:42Z</time>
					</trkpt>
					<trkpt lat="48.809960" lon="2.200150">
						<ele>163</ele>
						<time>2024-05-16T21:55:56Z</time>
					</trkpt>
					<trkpt lat="48.810070" lon="2.200290">
						<ele>165</ele>
						<time>2024-05-16T21:56:04Z</time>
					</trkpt>
					<trkpt lat="48.810160" lon="2.200330">
						<ele>166</ele>
						<time>2024-05-16T21:56:08Z</time>
					</trkpt>
					<trkpt lat="48.810220" lon="2.200390">
						<ele>166</ele>
						<time>2024-05-16T21:56:12Z</time>
					</trkpt>
					<trkpt lat="48.811630" lon="2.200920">
						<ele>170</ele>
						<time>2024-05-16T21:57:25Z</time>
					</trkpt>
					<trkpt lat="48.811790" lon="2.200930">
						<ele>168</ele>
						<time>2024-05-16T21:57:33Z</time>
					</trkpt>
					<trkpt lat="48.812190" lon="2.201040">
						<ele>164</ele>
						<time>2024-05-16T21:57:53Z</time>
					</trkpt>
					<trkpt lat="48.812290" lon="2.201010">
						<ele>162</ele>
						<time>2024-05-16T21:57:58Z</time>
					</trkpt>
					<trkpt lat="48.812430" lon="2.200760">
						<ele>160</ele>
						<time>2024-05-16T21:58:09Z</time>
					</trkpt>
					<trkpt lat="48.812620" lon="2.200490">
						<ele>156</ele>
						<time>2024-05-16T21:58:22Z</time>
					</trkpt>
					<trkpt lat="48.813180" lon="2.199800">
						<ele>145</ele>
						<time>2024-05-16T21:58:58Z</time>
					</trkpt>
					<trkpt lat="48.813590" lon="2.199240">
						<ele>136</ele>
						<time>2024-05-16T21:59:26Z</time>
					</trkpt>
					<trkpt lat="48.813820" lon="2.198870">
						<ele>132</ele>
						<time>2024-05-16T21:59:42Z</time>
					</trkpt>
					<trkpt lat="48.813970" lon="2.198690">
						<ele>129</ele>
						<time>2024-05-16T21:59:52Z</time>
					</trkpt>
					<trkpt lat="48.814070" lon="2.198530">
						<ele>127</ele>
						<time>2024-05-16T21:59:59Z</time>
					</trkpt>
					<trkpt lat="48.814160" lon="2.198190">
						<ele>122</ele>
						<time>2024-05-16T22:00:11Z</time>
					</trkpt>
					<trkpt lat="48.814410" lon="2.197810">
						<ele>116</ele>
						<time>2024-05-16T22:00:29Z</time>
					</trkpt>
					<trkpt lat="48.814540" lon="2.197670">
						<ele>114</ele>
						<time>2024-05-16T22:00:37Z</time>
					</trkpt>
					<trkpt lat="48.814680" lon="2.197590">
						<ele>112</ele>
						<time>2024-05-16T22:00:44Z</time>
					</trkpt>
					<trkpt lat="48.814860" lon="2.197560">
						<ele>110</ele>
						<time>2024-05-16T22:00:53Z</time>
					</trkpt>
					<trkpt lat="48.814910" lon="2.197580">
						<ele>110</ele>
						<time>2024-05-16T22:00:56Z</time>
					</trkpt>
					<trkpt lat="48.815220" lon="2.197780">
						<ele>110</ele>
						<time>2024-05-16T22:01:13Z</time>
					</trkpt>
					<trkpt lat="48.815530" lon="2.198210">
						<ele>112</ele>
						<time>2024-05-16T22:01:34Z</time>
					</trkpt>
					<trkpt lat="48.815610" lon="2.198200">
						<ele>111</ele>
						<time>2024-05-16T22:01:38Z</time>
					</trkpt>
					<trkpt lat="48.815790" lon="2.197890">
						<ele>105</ele>
						<time>2024-05-16T22:01:52Z</time>
					</trkpt>
					<trkpt lat="48.815820" lon="2.197710">
						<ele>103</ele>
						<time>2024-05-16T22:01:58Z</time>
					</trkpt>
					<trkpt lat="48.815730" lon="2.197570">
						<ele>103</ele>
						<time>2024-05-16T22:02:04Z</time>
					</trkpt>
					<trkpt lat="48.815500" lon="2.197400">
						<ele>103</ele>
						<time>2024-05-16T22:02:17Z</time>
					</trkpt>
					<trkpt lat="48.815150" lon="2.197060">
						<ele>102</ele>
						<time>2024-05-16T22:02:38Z</time>
					</trkpt>
					<trkpt lat="48.815080" lon="2.196820">
						<ele>99</ele>
						<time>2024-05-16T22:02:46Z</time>
					</trkpt>
					<trkpt lat="48.815110" lon="2.196600">
						<ele>97</ele>
						<time>2024-05-16T22:02:54Z</time>
					</trkpt>
					<trkpt lat="48.816320" lon="2.194890">
						<ele>75</ele>
						<time>2024-05-16T22:04:16Z</time>
					</trkpt>
					<trkpt lat="48.816410" lon="2.194720">
						<ele>75</ele>
						<time>2024-05-16T22:04:24Z</time>
					</trkpt>
					<trkpt lat="48.816360" lon="2.194550">
						<ele>76</ele>
						<time>2024-05-16T22:04:30Z</time>
					</trkpt>
					<trkpt lat="48.816320" lon="2.194500">
						<ele>76</ele>
						<time>2024-05-16T22:04:32Z</time>
					</trkpt>
					<trkpt lat="48.816330" lon="2.194460">
						<ele>76</ele>
						<time>2024-05-16T22:04:34Z</time>
					</trkpt>
					<trkpt lat="48.816290" lon="2.194410">
						<ele>77</ele>
						<time>2024-05-16T22:04:36Z</time>
					</trkpt>
					<trkpt lat="48.816430" lon="2.194190">
						<ele>77</ele>
						<time>2024-05-16T22:04:46Z</time>
					</trkpt>
					<trkpt lat="48.816530" lon="2.193920">
						<ele>81</ele>
						<time>2024-05-16T22:04:57Z</time>
					</trkpt>
					<trkpt lat="48.816660" lon="2.193790">
						<ele>83</ele>
						<time>2024-05-16T22:05:04Z</time>
					</trkpt>
					<trkpt lat="48.816750" lon="2.193730">
						<ele>85</ele>
						<time>2024-05-16T22:05:09Z</time>
					</trkpt>
					<trkpt lat="48.816810" lon="2.193720">
						<ele>86</ele>
						<time>2024-05-16T22:05:12Z</time>
					</trkpt>
					<trkpt lat="48.816850" lon="2.193640">
						<ele>87</ele>
						<time>2024-05-16T22:05:16Z</time>
					</trkpt>
					<trkpt lat="48.817070" lon="2.193510">
						<ele>92</ele>
						<time>2024-05-16T22:05:28Z</time>
					</trkpt>
					<trkpt lat="48.817140" lon="2.193230">
						<ele>95</ele>
						<time>2024-05-16T22:05:37Z</time>
					</trkpt>
					<trkpt lat="48.817190" lon="2.193120">
						<ele>97</ele>
						<time>2024-05-16T22:05:42Z</time>
					</trkpt>
					<trkpt lat="48.817350" lon="2.192910">
						<ele>100</ele>
						<time>2024-05-16T22:05:52Z</time>
					</trkpt>
					<trkpt lat="48.817460" lon="2.192690">
						<ele>103</ele>
						<time>2024-05-16T22:06:01Z</time>
					</trkpt>
					<trkpt lat="48.817320" lon="2.192350">
						<ele>104</ele>
						<time>2024-05-16T22:06:15Z</time>
					</trkpt>
					<trkpt lat="48.817220" lon="2.192240">
						<ele>103</ele>
						<time>2024-05-16T22:06:21Z</time>
					</trkpt>
					<trkpt lat="48.817210" lon="2.192190">
						<ele>103</ele>
						<time>2024-05-16T22:06:23Z</time>
					</trkpt>
					<trkpt lat="48.817240" lon="2.192180">
						<ele>103</ele>
						<time>2024-05-16T22:06:24Z</time>
					</trkpt>
					<trkpt lat="48.817300" lon="2.192230">
						<ele>104</ele>
						<time>2024-05-16T22:06:28Z</time>
					</trkpt>
					<trkpt lat="48.817440" lon="2.192210">
						<ele>106</ele>
						<time>2024-05-16T22:06:35Z</time>
					</trkpt>
					<trkpt lat="48.817760" lon="2.192230">
						<ele>109</ele>
						<time>2024-05-16T22:06:51Z</time>
					</trkpt>
					<trkpt lat="48.817880" lon="2.192050">
						<ele>111</ele>
						<time>2024-05-16T22:06:59Z</time>
					</trkpt>
					<trkpt lat="48.817910" lon="2.191920">
						<ele>112</ele>
						<time>2024-05-16T22:07:04Z</time>
					</trkpt>
					<trkpt lat="48.817890" lon="2.191800">
						<ele>112</ele>
						<time>2024-05-16T22:07:08Z</time>
					</trkpt>
					<trkpt lat="48.817940" lon="2.191730">
						<ele>113</ele>
						<time>2024-05-16T22:07:11Z</time>
					</trkpt>
					<trkpt lat="48.817950" lon="2.191600">
						<ele>113</ele>
						<time>2024-05-16T22:07:15Z</time>
					</trkpt>
					<trkpt lat="48.817900" lon="2.191200">
						<ele>117</ele>
						<time>2024-05-16T22:07:29Z</time>
					</trkpt>
					<trkpt lat="48.817900" lon="2.191030">
						<ele>118</ele>
						<time>2024-05-16T22:07:34Z</time>
					</trkpt>
					<trkpt lat="48.817930" lon="2.190920">
						<ele>120</ele>
						<time>2024-05-16T22:07:38Z</time>
					</trkpt>
					<trkpt lat="48.817930" lon="2.190870">
						<ele>120</ele>
						<time>2024-05-16T22:07:40Z</time>
					</trkpt>
					<trkpt lat="48.817900" lon="2.190830">
						<ele>120</ele>
						<time>2024-05-16T22:07:42Z</time>
					</trkpt>
					<trkpt lat="48.817920" lon="2.190710">
						<ele>122</ele>
						<time>2024-05-16T22:07:46Z</time>
					</trkpt>
					<trkpt lat="48.817900" lon="2.190470">
						<ele>124</ele>
						<time>2024-05-16T22:07:54Z</time>
					</trkpt>
					<trkpt lat="48.817970" lon="2.190120">
						<ele>129</ele>
						<time>2024-05-16T22:08:06Z</time>
					</trkpt>
					<trkpt lat="48.817950" lon="2.190060">
						<ele>130</ele>
						<time>2024-05-16T22:08:08Z</time>
					</trkpt>
					<trkpt lat="48.818000" lon="2.189950">
						<ele>132</ele>
						<time>2024-05-16T22:08:13Z</time>
					</trkpt>
					<trkpt lat="48.818100" lon="2.189770">
						<ele>135</ele>
						<time>2024-05-16T22:08:20Z</time>
					</trkpt>
					<trkpt lat="48.818210" lon="2.189710">
						<ele>138</ele>
						<time>2024-05-16T22:08:26Z</time>
					</trkpt>
					<trkpt lat="48.818250" lon="2.189520">
						<ele>140</ele>
						<time>2024-05-16T22:08:33Z</time>
					</trkpt>
					<trkpt lat="48.818310" lon="2.189450">
						<ele>142</ele>
						<time>2024-05-16T22:08:37Z</time>
					</trkpt>
					<trkpt lat="48.818350" lon="2.189340">
						<ele>144</ele>
						<time>2024-05-16T22:08:41Z</time>
					</trkpt>
					<trkpt lat="48.818500" lon="2.189180">
						<ele>146</ele>
						<time>2024-05-16T22:08:50Z</time>
					</trkpt>
					<trkpt lat="48.819330" lon="2.188480">
						<ele>150</ele>
						<time>2024-05-16T22:09:38Z</time>
					</trkpt>
					<trkpt lat="48.819210" lon="2.188030">
						<ele>151</ele>
						<time>2024-05-16T22:09:53Z</time>
					</trkpt>
					<trkpt lat="48.818030" lon="2.185910">
						<ele>156</ele>
						<time>2024-05-16T22:11:25Z</time>
					</trkpt>
					<trkpt lat="48.818930" lon="2.185550">
						<ele>147</ele>
						<time>2024-05-16T22:12:12Z</time>
					</trkpt>
					<trkpt lat="48.821120" lon="2.184580">
						<ele>122</ele>
						<time>2024-05-16T22:14:06Z</time>
					</trkpt>
					<trkpt lat="48.821770" lon="2.184260">
						<ele>123</ele>
						<time>2024-05-16T22:14:40Z</time>
					</trkpt>
					<trkpt lat="48.821780" lon="2.183860">
						<ele>124</ele>
						<time>2024-05-16T22:14:53Z</time>
					</trkpt>
					<trkpt lat="48.821620" lon="2.183320">
						<ele>125</ele>
						<time>2024-05-16T22:15:13Z</time>
					</trkpt>
					<trkpt lat="48.821340" lon="2.182650">
						<ele>123</ele>
						<time>2024-05-16T22:15:39Z</time>
					</trkpt>
					<trkpt lat="48.821080" lon="2.182190">
						<ele>122</ele>
						<time>2024-05-16T22:15:59Z</time>
					</trkpt>
					<trkpt lat="48.820760" lon="2.181100">
						<ele>120</ele>
						<time>2024-05-16T22:16:38Z</time>
					</trkpt>
					<trkpt lat="48.820640" lon="2.180800">
						<ele>121</ele>
						<time>2024-05-16T22:16:50Z</time>
					</trkpt>
					<trkpt lat="48.820700" lon="2.180500">
						<ele>121</ele>
						<time>2024-05-16T22:17:00Z</time>
					</trkpt>
					<trkpt lat="48.820800" lon="2.180410">
						<ele>121</ele>
						<time>2024-05-16T22:17:06Z</time>
					</trkpt>
					<trkpt lat="48.820830" lon="2.180090">
						<ele>123</ele>
						<time>2024-05-16T22:17:16Z</time>
					</trkpt>
					<trkpt lat="48.820750" lon="2.179440">
						<ele>124</ele>
						<time>2024-05-16T22:17:38Z</time>
					</trkpt>
					<trkpt lat="48.820730" lon="2.178940">
						<ele>125</ele>
						<time>2024-05-16T22:17:55Z</time>
					</trkpt>
					<trkpt lat="48.820740" lon="2.177960">
						<ele>127</ele>
						<time>2024-05-16T22:18:27Z</time>
					</trkpt>
					<trkpt lat="48.820620" lon="2.177850">
						<ele>128</ele>
						<time>2024-05-16T22:18:34Z</time>
					</trkpt>
					<trkpt lat="48.820140" lon="2.177810">
						<ele>130</ele>
						<time>2024-05-16T22:18:58Z</time>
					</trkpt>
					<trkpt lat="48.820020" lon="2.177780">
						<ele>131</ele>
						<time>2024-05-16T22:19:04Z</time>
					</trkpt>
					<trkpt lat="48.819970" lon="2.177720">
						<ele>131</ele>
						<time>2024-05-16T22:19:07Z</time>
					</trkpt>
					<trkpt lat="48.820030" lon="2.177330">
						<ele>131</ele>
						<time>2024-05-16T22:19:21Z</time>
					</trkpt>
					<trkpt lat="48.820190" lon="2.176690">
						<ele>130</ele>
						<time>2024-05-16T22:19:43Z</time>
					</trkpt>
					<trkpt lat="48.820280" lon="2.176150">
						<ele>131</ele>
						<time>2024-05-16T22:20:01Z</time>
					</trkpt>
					<trkpt lat="48.820350" lon="2.175530">
						<ele>132</ele>
						<time>2024-05-16T22:20:22Z</time>
					</trkpt>
					<trkpt lat="48.820320" lon="2.174810">
						<ele>134</ele>
						<time>2024-05-16T22:20:46Z</time>
					</trkpt>
					<trkpt lat="48.819970" lon="2.173380">
						<ele>133</ele>
						<time>2024-05-16T22:21:36Z</time>
					</trkpt>
					<trkpt lat="48.819740" lon="2.172800">
						<ele>135</ele>
						<time>2024-05-16T22:21:59Z</time>
					</trkpt>
					<trkpt lat="48.819210" lon="2.171660">
						<ele>137</ele>
						<time>2024-05-16T22:22:44Z</time>
					</trkpt>
					<trkpt lat="48.818800" lon="2.171180">
						<ele>137</ele>
						<time>2024-05-16T22:23:10Z</time>
					</trkpt>
					<trkpt lat="48.818060" lon="2.170660">
						<ele>141</ele>
						<time>2024-05-16T22:23:51Z</time>
					</trkpt>
					<trkpt lat="48.815960" lon="2.169360">
						<ele>146</ele>
						<time>2024-05-16T22:25:45Z</time>
					</trkpt>
					<trkpt lat="48.818180" lon="2.166170">
						<ele>136</ele>
						<time>2024-05-16T22:28:18Z</time>
					</trkpt>
					<trkpt lat="48.819190" lon="2.166160">
						<ele>135</ele>
						<time>2024-05-16T22:29:08Z</time>
					</trkpt>
					<trkpt lat="48.819610" lon="2.166130">
						<ele>138</ele>
						<time>2024-05-16T22:29:29Z</time>
					</trkpt>
					<trkpt lat="48.819970" lon="2.166070">
						<ele>140</ele>
						<time>2024-05-16T22:29:47Z</time>
					</trkpt>
					<trkpt lat="48.820170" lon="2.166080">
						<ele>142</ele>
						<time>2024-05-16T22:29:57Z</time>
					</trkpt>
					<trkpt lat="48.821250" lon="2.165940">
						<ele>151</ele>
						<time>2024-05-16T22:30:52Z</time>
					</trkpt>
					<trkpt lat="48.822860" lon="2.165870">
						<ele>170</ele>
						<time>2024-05-16T22:32:12Z</time>
					</trkpt>
					<trkpt lat="48.823230" lon="2.165890">
						<ele>175</ele>
						<time>2024-05-16T22:32:31Z</time>
					</trkpt>
					<trkpt lat="48.824870" lon="2.165770">
						<ele>183</ele>
						<time>2024-05-16T22:33:53Z</time>
					</trkpt>
					<trkpt lat="48.828620" lon="2.165570">
						<ele>174</ele>
						<time>2024-05-16T22:37:01Z</time>
					</trkpt>
					<trkpt lat="48.831620" lon="2.165320">
						<ele>172</ele>
						<time>2024-05-16T22:39:31Z</time>
					</trkpt>
					<trkpt lat="48.832910" lon="2.165260">
						<ele>164</ele>
						<time>2024-05-16T22:40:36Z</time>
					</trkpt>
					<trkpt lat="48.832950" lon="2.165890">
						<ele>160</ele>
						<time>2024-05-16T22:40:56Z</time>
					</trkpt>
					<trkpt lat="48.832750" lon="2.166410">
						<ele>157</ele>
						<time>2024-05-16T22:41:16Z</time>
					</trkpt>
					<trkpt lat="48.832550" lon="2.167260">
						<ele>154</ele>
						<time>2024-05-16T22:41:46Z</time>
					</trkpt>
					<trkpt lat="48.832540" lon="2.167740">
						<ele>153</ele>
						<time>2024-05-16T22:42:02Z</time>
					</trkpt>
					<trkpt lat="48.832630" lon="2.168310">
						<ele>149</ele>
						<time>2024-05-16T22:42:21Z</time>
					</trkpt>
					<trkpt lat="48.832820" lon="2.168880">
						<ele>146</ele>
						<time>2024-05-16T22:42:42Z</time>
					</trkpt>
					<trkpt lat="48.833270" lon="2.169380">
						<ele>142</ele>
						<time>2024-05-16T22:43:10Z</time>
					</trkpt>
					<trkpt lat="48.833590" lon="2.169660">
						<ele>142</ele>
						<time>2024-05-16T22:43:29Z</time>
					</trkpt>
					<trkpt lat="48.834180" lon="2.169460">
						<ele>141</ele>
						<time>2024-05-16T22:43:59Z</time>
					</trkpt>
					<trkpt lat="48.834270" lon="2.170450">
						<ele>141</ele>
						<time>2024-05-16T22:44:32Z</time>
					</trkpt>
					<trkpt lat="48.835380" lon="2.170060">
						<ele>132</ele>
						<time>2024-05-16T22:45:29Z</time>
					</trkpt>
					<trkpt lat="48.835400" lon="2.170210">
						<ele>132</ele>
						<time>2024-05-16T22:45:34Z</time>
					</trkpt>
					<trkpt lat="48.835460" lon="2.170180">
						<ele>132</ele>
						<time>2024-05-16T22:45:37Z</time>
					</trkpt>
					<trkpt lat="48.835510" lon="2.170350">
						<ele>132</ele>
						<time>2024-05-16T22:45:43Z</time>
					</trkpt>
					<trkpt lat="48.835610" lon="2.170360">
						<ele>132</ele>
						<time>2024-05-16T22:45:48Z</time>
					</trkpt>
					<trkpt lat="48.835880" lon="2.170600">
						<ele>132</ele>
						<time>2024-05-16T22:46:04Z</time>
					</trkpt>
					<trkpt lat="48.835980" lon="2.171520">
						<ele>130</ele>
						<time>2024-05-16T22:46:34Z</time>
					</trkpt>
					<trkpt lat="48.836050" lon="2.171680">
						<ele>129</ele>
						<time>2024-05-16T22:46:41Z</time>
					</trkpt>
					<trkpt lat="48.836230" lon="2.171940">
						<ele>127</ele>
						<time>2024-05-16T22:46:53Z</time>
					</trkpt>
					<trkpt lat="48.836140" lon="2.172170">
						<ele>128</ele>
						<time>2024-05-16T22:47:02Z</time>
					</trkpt>
					<trkpt lat="48.836150" lon="2.172300">
						<ele>127</ele>
						<time>2024-05-16T22:47:06Z</time>
					</trkpt>
					<trkpt lat="48.836180" lon="2.172360">
						<ele>127</ele>
						<time>2024-05-16T22:47:09Z</time>
					</trkpt>
					<trkpt lat="48.836330" lon="2.172370">
						<ele>126</ele>
						<time>2024-05-16T22:47:16Z</time>
					</trkpt>
					<trkpt lat="48.836360" lon="2.172500">
						<ele>125</ele>
						<time>2024-05-16T22:47:21Z</time>
					</trkpt>
					<trkpt lat="48.836420" lon="2.172580">
						<ele>125</ele>
						<time>2024-05-16T22:47:25Z</time>
					</trkpt>
					<trkpt lat="48.836650" lon="2.172620">
						<ele>123</ele>
						<time>2024-05-16T22:47:36Z</time>
					</trkpt>
					<trkpt lat="48.836680" lon="2.173810">
						<ele>126</ele>
						<time>2024-05-16T22:48:16Z</time>
					</trkpt>
					<trkpt lat="48.836540" lon="2.174550">
						<ele>126</ele>
						<time>2024-05-16T22:48:41Z</time>
					</trkpt>
					<trkpt lat="48.836530" lon="2.174760">
						<ele>125</ele>
						<time>2024-05-16T22:48:48Z</time>
					</trkpt>
					<trkpt lat="48.836440" lon="2.175160">
						<ele>125</ele>
						<time>2024-05-16T22:49:02Z</time>
					</trkpt>
					<trkpt lat="48.836260" lon="2.175410">
						<ele>125</ele>
						<time>2024-05-16T22:49:14Z</time>
					</trkpt>
					<trkpt lat="48.836120" lon="2.175850">
						<ele>124</ele>
						<time>2024-05-16T22:49:30Z</time>
					</trkpt>
					<trkpt lat="48.836050" lon="2.176410">
						<ele>123</ele>
						<time>2024-05-16T22:49:49Z</time>
					</trkpt>
					<trkpt lat="48.836040" lon="2.177000">
						<ele>123</ele>
						<time>2024-05-16T22:50:08Z</time>
					</trkpt>
					<trkpt lat="48.835980" lon="2.177280">
						<ele>123</ele>
						<time>2024-05-16T22:50:18Z</time>
					</trkpt>
					<trkpt lat="48.835630" lon="2.177400">
						<ele>125</ele>
						<time>2024-05-16T22:50:36Z</time>
					</trkpt>
					<trkpt lat="48.835330" lon="2.177470">
						<ele>126</ele>
						<time>2024-05-16T22:50:51Z</time>
					</trkpt>
					<trkpt lat="48.834960" lon="2.177880">
						<ele>128</ele>
						<time>2024-05-16T22:51:14Z</time>
					</trkpt>
					<trkpt lat="48.834130" lon="2.178230">
						<ele>129</ele>
						<time>2024-05-16T22:51:57Z</time>
					</trkpt>
					<trkpt lat="48.833420" lon="2.178240">
						<ele>132</ele>
						<time>2024-05-16T22:52:33Z</time>
					</trkpt>
					<trkpt lat="48.832960" lon="2.178000">
						<ele>134</ele>
						<time>2024-05-16T22:52:57Z</time>
					</trkpt>
					<trkpt lat="48.832480" lon="2.177670">
						<ele>137</ele>
						<time>2024-05-16T22:53:24Z</time>
					</trkpt>
					<trkpt lat="48.831920" lon="2.177390">
						<ele>138</ele>
						<time>2024-05-16T22:53:53Z</time>
					</trkpt>
					<trkpt lat="48.832380" lon="2.178390">
						<ele>139</ele>
						<time>2024-05-16T22:54:33Z</time>
					</trkpt>
					<trkpt lat="48.832420" lon="2.178520">
						<ele>140</ele>
						<time>2024-05-16T22:54:38Z</time>
					</trkpt>
					<trkpt lat="48.832510" lon="2.178640">
						<ele>140</ele>
						<time>2024-05-16T22:54:44Z</time>
					</trkpt>
					<trkpt lat="48.832620" lon="2.179000">
						<ele>139</ele>
						<time>2024-05-16T22:54:57Z</time>
					</trkpt>
					<trkpt lat="48.832640" lon="2.179210">
						<ele>140</ele>
						<time>2024-05-16T22:55:04Z</time>
					</trkpt>
					<trkpt lat="48.832620" lon="2.179560">
						<ele>141</ele>
						<time>2024-05-16T22:55:16Z</time>
					</trkpt>
					<trkpt lat="48.832530" lon="2.179950">
						<ele>142</ele>
						<time>2024-05-16T22:55:29Z</time>
					</trkpt>
					<trkpt lat="48.832470" lon="2.180060">
						<ele>143</ele>
						<time>2024-05-16T22:55:34Z</time>
					</trkpt>
					<trkpt lat="48.832110" lon="2.180420">
						<ele>145</ele>
						<time>2024-05-16T22:55:55Z</time>
					</trkpt>
					<trkpt lat="48.831940" lon="2.180720">
						<ele>147</ele>
						<time>2024-05-16T22:56:09Z</time>
					</trkpt>
					<trkpt lat="48.831860" lon="2.180780">
						<ele>148</ele>
						<time>2024-05-16T22:56:13Z</time>
					</trkpt>
					<trkpt lat="48.832060" lon="2.181450">
						<ele>149</ele>
						<time>2024-05-16T22:56:37Z</time>
					</trkpt>
					<trkpt lat="48.832570" lon="2.182320">
						<ele>145</ele>
						<time>2024-05-16T22:57:16Z</time>
					</trkpt>
					<trkpt lat="48.832870" lon="2.183330">
						<ele>142</ele>
						<time>2024-05-16T22:57:52Z</time>
					</trkpt>
					<trkpt lat="48.833090" lon="2.186870">
						<ele>137</ele>
						<time>2024-05-16T22:59:49Z</time>
					</trkpt>
					<trkpt lat="48.832830" lon="2.187890">
						<ele>141</ele>
						<time>2024-05-16T23:00:25Z</time>
					</trkpt>
					<trkpt lat="48.833050" lon="2.188490">
						<ele>142</ele>
						<time>2024-05-16T23:00:48Z</time>
					</trkpt>
					<trkpt lat="48.834120" lon="2.188930">
						<ele>141</ele>
						<time>2024-05-16T23:01:43Z</time>
					</trkpt>
					<trkpt lat="48.834510" lon="2.189470">
						<ele>138</ele>
						<time>2024-05-16T23:02:10Z</time>
					</trkpt>
					<trkpt lat="48.835740" lon="2.190970">
						<ele>127</ele>
						<time>2024-05-16T23:03:29Z</time>
					</trkpt>
					<trkpt lat="48.835770" lon="2.191410">
						<ele>127</ele>
						<time>2024-05-16T23:03:43Z</time>
					</trkpt>
					<trkpt lat="48.833900" lon="2.191580">
						<ele>142</ele>
						<time>2024-05-16T23:05:17Z</time>
					</trkpt>
					<trkpt lat="48.833510" lon="2.195090">
						<ele>126</ele>
						<time>2024-05-16T23:07:14Z</time>
					</trkpt>
					<trkpt lat="48.833700" lon="2.195590">
						<ele>123</ele>
						<time>2024-05-16T23:07:33Z</time>
					</trkpt>
					<trkpt lat="48.833820" lon="2.195990">
						<ele>121</ele>
						<time>2024-05-16T23:07:48Z</time>
					</trkpt>
					<trkpt lat="48.833900" lon="2.196380">
						<ele>119</ele>
						<time>2024-05-16T23:08:01Z</time>
					</trkpt>
					<trkpt lat="48.834460" lon="2.198160">
						<ele>114</ele>
						<time>2024-05-16T23:09:06Z</time>
					</trkpt>
					<trkpt lat="48.834630" lon="2.198870">
						<ele>112</ele>
						<time>2024-05-16T23:09:31Z</time>
					</trkpt>
					<trkpt lat="48.834700" lon="2.199020">
						<ele>112</ele>
						<time>2024-05-16T23:09:37Z</time>
					</trkpt>
					<trkpt lat="48.834740" lon="2.199050">
						<ele>112</ele>
						<time>2024-05-16T23:09:39Z</time>
					</trkpt>
					<trkpt lat="48.834920" lon="2.199060">
						<ele>110</ele>
						<time>2024-05-16T23:09:48Z</time>
					</trkpt>
					<trkpt lat="48.835320" lon="2.199010">
						<ele>109</ele>
						<time>2024-05-16T23:10:08Z</time>
					</trkpt>
					<trkpt lat="48.835470" lon="2.199020">
						<ele>108</ele>
						<time>2024-05-16T23:10:16Z</time>
					</trkpt>
					<trkpt lat="48.836230" lon="2.198970">
						<ele>106</ele>
						<time>2024-05-16T23:10:54Z</time>
					</trkpt>
					<trkpt lat="48.836290" lon="2.198990">
						<ele>106</ele>
						<time>2024-05-16T23:10:57Z</time>
					</trkpt>
					<trkpt lat="48.836340" lon="2.199120">
						<ele>106</ele>
						<time>2024-05-16T23:11:02Z</time>
					</trkpt>
					<trkpt lat="48.836390" lon="2.199970">
						<ele>105</ele>
						<time>2024-05-16T23:11:30Z</time>
					</trkpt>
					<trkpt lat="48.836460" lon="2.200580">
						<ele>103</ele>
						<time>2024-05-16T23:11:51Z</time>
					</trkpt>
					<trkpt lat="48.836500" lon="2.201510">
						<ele>103</ele>
						<time>2024-05-16T23:12:21Z</time>
					</trkpt>
					<trkpt lat="48.836540" lon="2.201720">
						<ele>103</ele>
						<time>2024-05-16T23:12:28Z</time>
					</trkpt>
					<trkpt lat="48.836580" lon="2.202290">
						<ele>101</ele>
						<time>2024-05-16T23:12:47Z</time>
					</trkpt>
					<trkpt lat="48.836660" lon="2.203770">
						<ele>100</ele>
						<time>2024-05-16T23:13:36Z</time>
					</trkpt>
					<trkpt lat="48.836590" lon="2.203760">
						<ele>100</ele>
						<time>2024-05-16T23:13:40Z</time>
					</trkpt>
					<trkpt lat="48.836550" lon="2.203910">
						<ele>101</ele>
						<time>2024-05-16T23:13:45Z</time>
					</trkpt>
					<trkpt lat="48.836300" lon="2.204350">
						<ele>103</ele>
						<time>2024-05-16T23:14:04Z</time>
					</trkpt>
					<trkpt lat="48.836250" lon="2.204500">
						<ele>103</ele>
						<time>2024-05-16T23:14:10Z</time>
					</trkpt>
					<trkpt lat="48.836000" lon="2.204960">
						<ele>105</ele>
						<time>2024-05-16T23:14:29Z</time>
					</trkpt>
					<trkpt lat="48.835660" lon="2.205400">
						<ele>105</ele>
						<time>2024-05-16T23:14:52Z</time>
					</trkpt>
					<trkpt lat="48.835530" lon="2.205500">
						<ele>106</ele>
						<time>2024-05-16T23:14:59Z</time>
					</trkpt>
					<trkpt lat="48.835330" lon="2.205560">
						<ele>107</ele>
						<time>2024-05-16T23:15:09Z</time>
					</trkpt>
					<trkpt lat="48.835300" lon="2.205690">
						<ele>107</ele>
						<time>2024-05-16T23:15:14Z</time>
					</trkpt>
					<trkpt lat="48.835160" lon="2.205950">
						<ele>108</ele>
						<time>2024-05-16T23:15:25Z</time>
					</trkpt>
					<trkpt lat="48.834840" lon="2.206980">
						<ele>107</ele>
						<time>2024-05-16T23:16:02Z</time>
					</trkpt>
					<trkpt lat="48.834600" lon="2.207140">
						<ele>108</ele>
						<time>2024-05-16T23:16:16Z</time>
					</trkpt>
					<trkpt lat="48.834570" lon="2.207370">
						<ele>109</ele>
						<time>2024-05-16T23:16:23Z</time>
					</trkpt>
					<trkpt lat="48.834510" lon="2.207490">
						<ele>110</ele>
						<time>2024-05-16T23:16:28Z</time>
					</trkpt>
					<trkpt lat="48.834490" lon="2.207690">
						<ele>110</ele>
						<time>2024-05-16T23:16:35Z</time>
					</trkpt>
					<trkpt lat="48.834530" lon="2.207930">
						<ele>110</ele>
						<time>2024-05-16T23:16:43Z</time>
					</trkpt>
					<trkpt lat="48.834460" lon="2.208030">
						<ele>110</ele>
						<time>2024-05-16T23:16:48Z</time>
					</trkpt>
					<trkpt lat="48.834480" lon="2.208150">
						<ele>110</ele>
						<time>2024-05-16T23:16:52Z</time>
					</trkpt>
					<trkpt lat="48.834920" lon="2.208740">
						<ele>107</ele>
						<time>2024-05-16T23:17:21Z</time>
					</trkpt>
					<trkpt lat="48.835460" lon="2.209390">
						<ele>103</ele>
						<time>2024-05-16T23:17:56Z</time>
					</trkpt>
					<trkpt lat="48.835570" lon="2.209570">
						<ele>101</ele>
						<time>2024-05-16T23:18:04Z</time>
					</trkpt>
					<trkpt lat="48.835710" lon="2.209740">
						<ele>99</ele>
						<time>2024-05-16T23:18:13Z</time>
					</trkpt>
					<trkpt lat="48.835910" lon="2.209930">
						<ele>96</ele>
						<time>2024-05-16T23:18:25Z</time>
					</trkpt>
					<trkpt lat="48.836320" lon="2.210390">
						<ele>92</ele>
						<time>2024-05-16T23:18:50Z</time>
					</trkpt>
					<trkpt lat="48.836790" lon="2.211010">
						<ele>87</ele>
						<time>2024-05-16T23:19:21Z</time>
					</trkpt>
					<trkpt lat="48.836820" lon="2.211090">
						<ele>87</ele>
						<time>2024-05-16T23:19:24Z</time>
					</trkpt>
					<trkpt lat="48.836810" lon="2.211300">
						<ele>87</ele>
						<time>2024-05-16T23:19:31Z</time>
					</trkpt>
					<trkpt lat="48.836770" lon="2.211440">
						<ele>87</ele>
						<time>2024-05-16T23:19:36Z</time>
					</trkpt>
					<trkpt lat="48.836750" lon="2.211670">
						<ele>86</ele>
						<time>2024-05-16T23:19:44Z</time>
					</trkpt>
					<trkpt lat="48.836790" lon="2.212140">
						<ele>85</ele>
						<time>2024-05-16T23:20:00Z</time>
					</trkpt>
					<trkpt lat="48.836780" lon="2.212330">
						<ele>85</ele>
						<time>2024-05-16T23:20:06Z</time>
					</trkpt>
					<trkpt lat="48.836540" lon="2.212720">
						<ele>85</ele>
						<time>2024-05-16T23:20:23Z</time>
					</trkpt>
					<trkpt lat="48.835340" lon="2.214300">
						<ele>88</ele>
						<time>2024-05-16T23:21:43Z</time>
					</trkpt>
					<trkpt lat="48.835160" lon="2.214590">
						<ele>88</ele>
						<time>2024-05-16T23:21:56Z</time>
					</trkpt>
					<trkpt lat="48.835140" lon="2.214720">
						<ele>88</ele>
						<time>2024-05-16T23:22:00Z</time>
					</trkpt>
					<trkpt lat="48.835180" lon="2.214920">
						<ele>87</ele>
						<time>2024-05-16T23:22:07Z</time>
					</trkpt>
					<trkpt lat="48.835140" lon="2.215170">
						<ele>85</ele>
						<time>2024-05-16T23:22:16Z</time>
					</trkpt>
					<trkpt lat="48.835190" lon="2.215420">
						<ele>83</ele>
						<time>2024-05-16T23:22:24Z</time>
					</trkpt>
					<trkpt lat="48.835280" lon="2.216230">
						<ele>75</ele>
						<time>2024-05-16T23:22:51Z</time>
					</trkpt>
					<trkpt lat="48.835400" lon="2.216710">
						<ele>69</ele>
						<time>2024-05-16T23:23:08Z</time>
					</trkpt>
					<trkpt lat="48.835410" lon="2.216840">
						<ele>68</ele>
						<time>2024-05-16T23:23:13Z</time>
					</trkpt>
					<trkpt lat="48.835400" lon="2.216940">
						<ele>67</ele>
						<time>2024-05-16T23:23:16Z</time>
					</trkpt>
					<trkpt lat="48.835360" lon="2.217030">
						<ele>67</ele>
						<time>2024-05-16T23:23:20Z</time>
					</trkpt>
					<trkpt lat="48.835330" lon="2.217030">
						<ele>67</ele>
						<time>2024-05-16T23:23:21Z</time>
					</trkpt>
					<trkpt lat="48.835230" lon="2.217130">
						<ele>67</ele>
						<time>2024-05-16T23:23:27Z</time>
					</trkpt>
					<trkpt lat="48.835160" lon="2.217370">
						<ele>66</ele>
						<time>2024-05-16T23:23:36Z</time>
					</trkpt>
					<trkpt lat="48.835080" lon="2.217470">
						<ele>66</ele>
						<time>2024-05-16T23:23:41Z</time>
					</trkpt>
					<trkpt lat="48.834840" lon="2.217600">
						<ele>68</ele>
						<time>2024-05-16T23:23:54Z</time>
					</trkpt>
					<trkpt lat="48.834750" lon="2.217590">
						<ele>70</ele>
						<time>2024-05-16T23:23:58Z</time>
					</trkpt>
					<trkpt lat="48.834470" lon="2.217380">
						<ele>77</ele>
						<time>2024-05-16T23:24:14Z</time>
					</trkpt>
					<trkpt lat="48.834260" lon="2.217340">
						<ele>81</ele>
						<time>2024-05-16T23:24:24Z</time>
					</trkpt>
					<trkpt lat="48.833800" lon="2.217420">
						<ele>85</ele>
						<time>2024-05-16T23:24:48Z</time>
					</trkpt>
					<trkpt lat="48.833740" lon="2.217380">
						<ele>87</ele>
						<time>2024-05-16T23:24:51Z</time>
					</trkpt>
					<trkpt lat="48.833570" lon="2.217390">
						<ele>89</ele>
						<time>2024-05-16T23:24:59Z</time>
					</trkpt>
					<trkpt lat="48.833310" lon="2.217450">
						<ele>91</ele>
						<time>2024-05-16T23:25:12Z</time>
					</trkpt>
					<trkpt lat="48.833090" lon="2.217470">
						<ele>94</ele>
						<time>2024-05-16T23:25:24Z</time>
					</trkpt>
					<trkpt lat="48.832350" lon="2.217660">
						<ele>98</ele>
						<time>2024-05-16T23:26:01Z</time>
					</trkpt>
					<trkpt lat="48.831480" lon="2.217830">
						<ele>95</ele>
						<time>2024-05-16T23:26:45Z</time>
					</trkpt>
					<trkpt lat="48.830920" lon="2.217980">
						<ele>97</ele>
						<time>2024-05-16T23:27:13Z</time>
					</trkpt>
					<trkpt lat="48.829620" lon="2.218230">
						<ele>92</ele>
						<time>2024-05-16T23:28:19Z</time>
					</trkpt>
					<trkpt lat="48.829700" lon="2.218350">
						<ele>91</ele>
						<time>2024-05-16T23:28:25Z</time>
					</trkpt>
					<trkpt lat="48.830020" lon="2.218440">
						<ele>89</ele>
						<time>2024-05-16T23:28:41Z</time>
					</trkpt>
					<trkpt lat="48.830630" lon="2.218390">
						<ele>90</ele>
						<time>2024-05-16T23:29:11Z</time>
					</trkpt>
					<trkpt lat="48.831080" lon="2.218540">
						<ele>86</ele>
						<time>2024-05-16T23:29:35Z</time>
					</trkpt>
					<trkpt lat="48.831320" lon="2.218670">
						<ele>82</ele>
						<time>2024-05-16T23:29:47Z</time>
					</trkpt>
					<trkpt lat="48.831610" lon="2.218720">
						<ele>80</ele>
						<time>2024-05-16T23:30:02Z</time>
					</trkpt>
					<trkpt lat="48.831770" lon="2.218700">
						<ele>80</ele>
						<time>2024-05-16T23:30:10Z</time>
					</trkpt>
					<trkpt lat="48.832030" lon="2.218620">
						<ele>81</ele>
						<time>2024-05-16T23:30:23Z</time>
					</trkpt>
					<trkpt lat="48.832670" lon="2.218290">
						<ele>85</ele>
						<time>2024-05-16T23:30:57Z</time>
					</trkpt>
					<trkpt lat="48.832920" lon="2.218240">
						<ele>82</ele>
						<time>2024-05-16T23:31:10Z</time>
					</trkpt>
					<trkpt lat="48.833090" lon="2.218160">
						<ele>80</ele>
						<time>2024-05-16T23:31:19Z</time>
					</trkpt>
					<trkpt lat="48.833290" lon="2.218150">
						<ele>77</ele>
						<time>2024-05-16T23:31:29Z</time>
					</trkpt>
					<trkpt lat="48.833880" lon="2.217890">
						<ele>75</ele>
						<time>2024-05-16T23:31:59Z</time>
					</trkpt>
					<trkpt lat="48.834280" lon="2.217900">
						<ele>71</ele>
						<time>2024-05-16T23:32:19Z</time>
					</trkpt>
					<trkpt lat="48.834520" lon="2.217870">
						<ele>68</ele>
						<time>2024-05-16T23:32:31Z</time>
					</trkpt>
					<trkpt lat="48.834830" lon="2.217890">
						<ele>65</ele>
						<time>2024-05-16T23:32:47Z</time>
					</trkpt>
					<trkpt lat="48.835090" lon="2.218060">
						<ele>60</ele>
						<time>2024-05-16T23:33:01Z</time>
					</trkpt>
					<trkpt lat="48.835070" lon="2.218470">
						<ele>55</ele>
						<time>2024-05-16T23:33:15Z</time>
					</trkpt>
					<trkpt lat="48.833740" lon="2.219630">
						<ele>46</ele>
						<time>2024-05-16T23:34:31Z</time>
					</trkpt>
					<trkpt lat="48.832910" lon="2.220300">
						<ele>43</ele>
						<time>2024-05-16T23:35:18Z</time>
					</trkpt>
					<trkpt lat="48.832000" lon="2.220630">
						<ele>41</ele>
						<time>2024-05-16T23:36:05Z</time>
					</trkpt>
					<trkpt lat="48.831970" lon="2.220750">
						<ele>39</ele>
						<time>2024-05-16T23:36:09Z</time>
					</trkpt>
					<trkpt lat="48.832230" lon="2.220970">
						<ele>34</ele>
						<time>2024-05-16T23:36:24Z</time>
					</trkpt>
					<trkpt lat="48.832880" lon="2.221290">
						<ele>30</ele>
						<time>2024-05-16T23:36:59Z</time>
					</trkpt>
					<trkpt lat="48.832930" lon="2.221850">
						<ele>27</ele>
						<time>2024-05-16T23:37:17Z</time>
					</trkpt>
					<trkpt lat="48.831800" lon="2.221950">
						<ele>27</ele>
						<time>2024-05-16T23:38:14Z</time>
					</trkpt>
					<trkpt lat="48.829340" lon="2.223310">
						<ele>32</ele>
						<time>2024-05-16T23:40:25Z</time>
					</trkpt>
					<trkpt lat="48.829040" lon="2.223550">
						<ele>33</ele>
						<time>2024-05-16T23:40:42Z</time>
					</trkpt>
					<trkpt lat="48.828880" lon="2.223630">
						<ele>33</ele>
						<time>2024-05-16T23:40:50Z</time>
					</trkpt>
					<trkpt lat="48.828810" lon="2.223630">
						<ele>33</ele>
						<time>2024-05-16T23:40:54Z</time>
					</trkpt>
					<trkpt lat="48.828540" lon="2.223800">
						<ele>33</ele>
						<time>2024-05-16T23:41:08Z</time>
					</trkpt>
					<trkpt lat="48.828530" lon="2.223900">
						<ele>33</ele>
						<time>2024-05-16T23:41:12Z</time>
					</trkpt>
					<trkpt lat="48.828460" lon="2.224100">
						<ele>32</ele>
						<time>2024-05-16T23:41:19Z</time>
					</trkpt>
					<trkpt lat="48.828340" lon="2.224170">
						<ele>32</ele>
						<time>2024-05-16T23:41:26Z</time>
					</trkpt>
					<trkpt lat="48.828140" lon="2.224180">
						<ele>33</ele>
						<time>2024-05-16T23:41:36Z</time>
					</trkpt>
					<trkpt lat="48.828070" lon="2.224250">
						<ele>33</ele>
						<time>2024-05-16T23:41:40Z</time>
					</trkpt>
					<trkpt lat="48.827990" lon="2.224940">
						<ele>32</ele>
						<time>2024-05-16T23:42:03Z</time>
					</trkpt>
					<trkpt lat="48.828040" lon="2.225150">
						<ele>31</ele>
						<time>2024-05-16T23:42:10Z</time>
					</trkpt>
					<trkpt lat="48.828240" lon="2.225630">
						<ele>28</ele>
						<time>2024-05-16T23:42:29Z</time>
					</trkpt>
					<trkpt lat="48.828400" lon="2.225580">
						<ele>28</ele>
						<time>2024-05-16T23:42:37Z</time>
					</trkpt>
					<trkpt lat="48.828410" lon="2.225700">
						<ele>28</ele>
						<time>2024-05-16T23:42:41Z</time>
					</trkpt>
					<trkpt lat="48.827880" lon="2.225840">
						<ele>29</ele>
						<time>2024-05-16T23:43:08Z</time>
					</trkpt>
					<trkpt lat="48.827430" lon="2.226150">
						<ele>29</ele>
						<time>2024-05-16T23:43:33Z</time>
					</trkpt>
					<trkpt lat="48.827050" lon="2.226490">
						<ele>28</ele>
						<time>2024-05-16T23:43:55Z</time>
					</trkpt>
					<trkpt lat="48.826730" lon="2.226840">
						<ele>26</ele>
						<time>2024-05-16T23:44:15Z</time>
					</trkpt>
					<trkpt lat="48.826400" lon="2.227120">
						<ele>29</ele>
						<time>2024-05-16T23:44:33Z</time>
					</trkpt>
					<trkpt lat="48.824280" lon="2.229410">
						<ele>31</ele>
						<time>2024-05-16T23:46:44Z</time>
					</trkpt>
					<trkpt lat="48.823700" lon="2.230200">
						<ele>30</ele>
						<time>2024-05-16T23:47:23Z</time>
					</trkpt>
					<trkpt lat="48.822340" lon="2.232550">
						<ele>31</ele>
						<time>2024-05-16T23:49:06Z</time>
					</trkpt>
					<trkpt lat="48.821950" lon="2.233290">
						<ele>33</ele>
						<time>2024-05-16T23:49:37Z</time>
					</trkpt>
					<trkpt lat="48.821750" lon="2.233760">
						<ele>34</ele>
						<time>2024-05-16T23:49:55Z</time>
					</trkpt>
					<trkpt lat="48.821440" lon="2.234930">
						<ele>33</ele>
						<time>2024-05-16T23:50:37Z</time>
					</trkpt>
					<trkpt lat="48.821210" lon="2.235690">
						<ele>34</ele>
						<time>2024-05-16T23:51:04Z</time>
					</trkpt>
					<trkpt lat="48.820710" lon="2.237800">
						<ele>30</ele>
						<time>2024-05-16T23:52:18Z</time>
					</trkpt>
					<trkpt lat="48.820520" lon="2.238440">
						<ele>30</ele>
						<time>2024-05-16T23:52:41Z</time>
					</trkpt>
					<trkpt lat="48.820260" lon="2.240240">
						<ele>31</ele>
						<time>2024-05-16T23:53:42Z</time>
					</trkpt>
					<trkpt lat="48.820230" lon="2.240810">
						<ele>31</ele>
						<time>2024-05-16T23:54:01Z</time>
					</trkpt>
					<trkpt lat="48.820250" lon="2.241670">
						<ele>30</ele>
						<time>2024-05-16T23:54:29Z</time>
					</trkpt>
					<trkpt lat="48.820320" lon="2.242810">
						<ele>30</ele>
						<time>2024-05-16T23:55:07Z</time>
					</trkpt>
					<trkpt lat="48.820190" lon="2.243010">
						<ele>30</ele>
						<time>2024-05-16T23:55:16Z</time>
					</trkpt>
					<trkpt lat="48.820130" lon="2.243540">
						<ele>31</ele>
						<time>2024-05-16T23:55:34Z</time>
					</trkpt>
					<trkpt lat="48.820300" lon="2.243890">
						<ele>32</ele>
						<time>2024-05-16T23:55:48Z</time>
					</trkpt>
					<trkpt lat="48.820430" lon="2.244970">
						<ele>34</ele>
						<time>2024-05-16T23:56:25Z</time>
					</trkpt>
					<trkpt lat="48.820660" lon="2.246250">
						<ele>31</ele>
						<time>2024-05-16T23:57:08Z</time>
					</trkpt>
					<trkpt lat="48.820800" lon="2.246690">
						<ele>28</ele>
						<time>2024-05-16T23:57:24Z</time>
					</trkpt>
					<trkpt lat="48.820730" lon="2.246930">
						<ele>29</ele>
						<time>2024-05-16T23:57:33Z</time>
					</trkpt>
					<trkpt lat="48.821160" lon="2.248560">
						<ele>32</ele>
						<time>2024-05-16T23:58:31Z</time>
					</trkpt>
					<trkpt lat="48.821440" lon="2.249330">
						<ele>31</ele>
						<time>2024-05-16T23:59:00Z</time>
					</trkpt>
					<trkpt lat="48.821710" lon="2.249760">
						<ele>31</ele>
						<time>2024-05-16T23:59:19Z</time>
					</trkpt>
					<trkpt lat="48.821810" lon="2.249960">
						<ele>31</ele>
						<time>2024-05-16T23:59:28Z</time>
					</trkpt>
					<trkpt lat="48.822190" lon="2.249780">
						<ele>33</ele>
						<time>2024-05-16T23:59:48Z</time>
					</trkpt>
					<trkpt lat="48.822320" lon="2.249700">
						<ele>33</ele>
						<time>2024-05-16T23:59:55Z</time>
					</trkpt>
					<trkpt lat="48.822320" lon="2.249650">
						<ele>33</ele>
						<time>2024-05-16T23:59:56Z</time>
					</trkpt>
					<trkpt lat="48.822240" lon="2.249660">
						<ele>33</ele>
						<time>2024-05-17T00:00:00Z</time>
					</trkpt>
					<trkpt lat="48.822220" lon="2.249620">
						<ele>33</ele>
						<time>2024-05-17T00:00:02Z</time>
					</trkpt>
					<trkpt lat="48.822190" lon="2.249620">
						<ele>33</ele>
						<time>2024-05-17T00:00:04Z</time>
					</trkpt>
					<trkpt lat="48.822240" lon="2.249800">
						<ele>33</ele>
						<time>2024-05-17T00:00:10Z</time>
					</trkpt>
					<trkpt lat="48.822250" lon="2.250150">
						<ele>32</ele>
						<time>2024-05-17T00:00:21Z</time>
					</trkpt>
					<trkpt lat="48.822320" lon="2.250340">
						<ele>33</ele>
						<time>2024-05-17T00:00:29Z</time>
					</trkpt>
					<trkpt lat="48.822340" lon="2.250360">
						<ele>33</ele>
						<time>2024-05-17T00:00:30Z</time>
					</trkpt>
					<trkpt lat="48.822370" lon="2.250320">
						<ele>33</ele>
						<time>2024-05-17T00:00:32Z</time>
					</trkpt>
					<trkpt lat="48.822370" lon="2.250240">
						<ele>33</ele>
						<time>2024-05-17T00:00:34Z</time>
					</trkpt>
					<trkpt lat="48.822390" lon="2.250230">
						<ele>33</ele>
						<time>2024-05-17T00:00:36Z</time>
					</trkpt>
					<trkpt lat="48.822430" lon="2.250370">
						<ele>33</ele>
						<time>2024-05-17T00:00:41Z</time>
					</trkpt>
					<trkpt lat="48.822500" lon="2.250430">
						<ele>33</ele>
						<time>2024-05-17T00:00:45Z</time>
					</trkpt>
					<trkpt lat="48.822980" lon="2.251810">
						<ele>30</ele>
						<time>2024-05-17T00:01:36Z</time>
					</trkpt>
					<trkpt lat="48.823070" lon="2.251870">
						<ele>30</ele>
						<time>2024-05-17T00:01:41Z</time>
					</trkpt>
					<trkpt lat="48.823130" lon="2.251640">
						<ele>30</ele>
						<time>2024-05-17T00:01:49Z</time>
					</trkpt>
					<trkpt lat="48.823210" lon="2.251550">
						<ele>30</ele>
						<time>2024-05-17T00:01:54Z</time>
					</trkpt>
					<trkpt lat="48.823400" lon="2.251190">
						<ele>32</ele>
						<time>2024-05-17T00:02:09Z</time>
					</trkpt>
					<trkpt lat="48.823510" lon="2.251080">
						<ele>33</ele>
						<time>2024-05-17T00:02:16Z</time>
					</trkpt>
					<trkpt lat="48.823750" lon="2.251040">
						<ele>33</ele>
						<time>2024-05-17T00:02:28Z</time>
					</trkpt>
					<trkpt lat="48.823850" lon="2.251090">
						<ele>32</ele>
						<time>2024-05-17T00:02:33Z</time>
					</trkpt>
					<trkpt lat="48.824190" lon="2.251170">
						<ele>32</ele>
						<time>2024-05-17T00:02:50Z</time>
					</trkpt>
					<trkpt lat="48.824310" lon="2.251250">
						<ele>31</ele>
						<time>2024-05-17T00:02:57Z</time>
					</trkpt>
					<trkpt lat="48.824380" lon="2.251340">
						<ele>31</ele>
						<time>2024-05-17T00:03:02Z</time>
					</trkpt>
					<trkpt lat="48.824680" lon="2.252070">
						<ele>31</ele>
						<time>2024-05-17T00:03:30Z</time>
					</trkpt>
					<trkpt lat="48.824810" lon="2.252270">
						<ele>31</ele>
						<time>2024-05-17T00:03:39Z</time>
					</trkpt>
					<trkpt lat="48.825080" lon="2.252520">
						<ele>32</ele>
						<time>2024-05-17T00:03:55Z</time>
					</trkpt>
					<trkpt lat="48.825250" lon="2.252590">
						<ele>29</ele>
						<time>2024-05-17T00:04:04Z</time>
					</trkpt>
					<trkpt lat="48.825380" lon="2.252780">
						<ele>27</ele>
						<time>2024-05-17T00:04:13Z</time>
					</trkpt>
					<trkpt lat="48.825520" lon="2.252870">
						<ele>25</ele>
						<time>2024-05-17T00:04:20Z</time>
					</trkpt>
					<trkpt lat="48.825720" lon="2.253230">
						<ele>21</ele>
						<time>2024-05-17T00:04:36Z</time>
					</trkpt>
					<trkpt lat="48.825900" lon="2.253450">
						<ele>22</ele>
						<time>2024-05-17T00:04:48Z</time>
					</trkpt>
					<trkpt lat="48.825990" lon="2.253520">
						<ele>23</ele>
						<time>2024-05-17T00:04:53Z</time>
					</trkpt>
					<trkpt lat="48.826910" lon="2.254990">
						<ele>34</ele>
						<time>2024-05-17T00:05:59Z</time>
					</trkpt>
					<trkpt lat="48.827340" lon="2.255500">
						<ele>35</ele>
						<time>2024-05-17T00:06:27Z</time>
					</trkpt>
					<trkpt lat="48.827470" lon="2.255750">
						<ele>35</ele>
						<time>2024-05-17T00:06:37Z</time>
					</trkpt>
					<trkpt lat="48.827590" lon="2.255860">
						<ele>35</ele>
						<time>2024-05-17T00:06:44Z</time>
					</trkpt>
					<trkpt lat="48.827840" lon="2.256210">
						<ele>33</ele>
						<time>2024-05-17T00:07:01Z</time>
					</trkpt>
					<trkpt lat="48.828020" lon="2.256380">
						<ele>32</ele>
						<time>2024-05-17T00:07:12Z</time>
					</trkpt>
					<trkpt lat="48.828400" lon="2.256960">
						<ele>31</ele>
						<time>2024-05-17T00:07:39Z</time>
					</trkpt>
					<trkpt lat="48.828530" lon="2.257040">
						<ele>32</ele>
						<time>2024-05-17T00:07:46Z</time>
					</trkpt>
					<trkpt lat="48.828620" lon="2.257160">
						<ele>33</ele>
						<time>2024-05-17T00:07:52Z</time>
					</trkpt>
					<trkpt lat="48.828680" lon="2.257370">
						<ele>34</ele>
						<time>2024-05-17T00:07:59Z</time>
					</trkpt>
					<trkpt lat="48.828670" lon="2.257710">
						<ele>36</ele>
						<time>2024-05-17T00:08:11Z</time>
					</trkpt>
					<trkpt lat="48.828710" lon="2.257770">
						<ele>36</ele>
						<time>2024-05-17T00:08:13Z</time>
					</trkpt>
					<trkpt lat="48.828960" lon="2.257960">
						<ele>36</ele>
						<time>2024-05-17T00:08:27Z</time>
					</trkpt>
					<trkpt lat="48.829050" lon="2.258060">
						<ele>36</ele>
						<time>2024-05-17T00:08:33Z</time>
					</trkpt>
					<trkpt lat="48.829460" lon="2.258600">
						<ele>34</ele>
						<time>2024-05-17T00:09:00Z</time>
					</trkpt>
					<trkpt lat="48.829840" lon="2.259340">
						<ele>29</ele>
						<time>2024-05-17T00:09:31Z</time>
					</trkpt>
					<trkpt lat="48.829920" lon="2.259610">
						<ele>27</ele>
						<time>2024-05-17T00:09:41Z</time>
					</trkpt>
					<trkpt lat="48.830010" lon="2.259740">
						<ele>26</ele>
						<time>2024-05-17T00:09:47Z</time>
					</trkpt>
					<trkpt lat="48.830020" lon="2.259780">
						<ele>25</ele>
						<time>2024-05-17T00:09:48Z</time>
					</trkpt>
					<trkpt lat="48.829990" lon="2.259880">
						<ele>25</ele>
						<time>2024-05-17T00:09:52Z</time>
					</trkpt>
					<trkpt lat="48.829680" lon="2.260650">
						<ele>27</ele>
						<time>2024-05-17T00:10:22Z</time>
					</trkpt>
					<trkpt lat="48.829700" lon="2.260700">
						<ele>27</ele>
						<time>2024-05-17T00:10:24Z</time>
					</trkpt>
					<trkpt lat="48.829860" lon="2.260750">
						<ele>26</ele>
						<time>2024-05-17T00:10:32Z</time>
					</trkpt>
					<trkpt lat="48.830230" lon="2.260980">
						<ele>28</ele>
						<time>2024-05-17T00:10:52Z</time>
					</trkpt>
					<trkpt lat="48.830400" lon="2.261050">
						<ele>30</ele>
						<time>2024-05-17T00:11:01Z</time>
					</trkpt>
					<trkpt lat="48.830830" lon="2.261370">
						<ele>32</ele>
						<time>2024-05-17T00:11:25Z</time>
					</trkpt>
					<trkpt lat="48.831050" lon="2.261570">
						<ele>32</ele>
						<time>2024-05-17T00:11:37Z</time>
					</trkpt>
					<trkpt lat="48.831220" lon="2.261760">
						<ele>31</ele>
						<time>2024-05-17T00:11:48Z</time>
					</trkpt>
					<trkpt lat="48.831560" lon="2.262220">
						<ele>31</ele>
						<time>2024-05-17T00:12:11Z</time>
					</trkpt>
					<trkpt lat="48.833090" lon="2.263700">
						<ele>29</ele>
						<time>2024-05-17T00:13:42Z</time>
					</trkpt>
					<trkpt lat="48.834550" lon="2.265430">
						<ele>31</ele>
						<time>2024-05-17T00:15:14Z</time>
					</trkpt>
					<trkpt lat="48.834760" lon="2.265590">
						<ele>31</ele>
						<time>2024-05-17T00:15:26Z</time>
					</trkpt>
					<trkpt lat="48.834850" lon="2.265720">
						<ele>31</ele>
						<time>2024-05-17T00:15:32Z</time>
					</trkpt>
					<trkpt lat="48.835030" lon="2.265810">
						<ele>30</ele>
						<time>2024-05-17T00:15:42Z</time>
					</trkpt>
					<trkpt lat="48.835200" lon="2.265990">
						<ele>31</ele>
						<time>2024-05-17T00:15:52Z</time>
					</trkpt>
					<trkpt lat="48.835640" lon="2.266380">
						<ele>32</ele>
						<time>2024-05-17T00:16:18Z</time>
					</trkpt>
					<trkpt lat="48.835940" lon="2.266760">
						<ele>31</ele>
						<time>2024-05-17T00:16:37Z</time>
					</trkpt>
					<trkpt lat="48.836050" lon="2.266940">
						<ele>30</ele>
						<time>2024-05-17T00:16:45Z</time>
					</trkpt>
					<trkpt lat="48.836470" lon="2.267420">
						<ele>29</ele>
						<time>2024-05-17T00:17:12Z</time>
					</trkpt>
					<trkpt lat="48.836550" lon="2.267470">
						<ele>29</ele>
						<time>2024-05-17T00:17:16Z</time>
					</trkpt>
					<trkpt lat="48.836770" lon="2.267710">
						<ele>29</ele>
						<time>2024-05-17T00:17:29Z</time>
					</trkpt>
					<trkpt lat="48.837450" lon="2.268280">
						<ele>28</ele>
						<time>2024-05-17T00:18:08Z</time>
					</trkpt>
					<trkpt lat="48.837870" lon="2.268590">
						<ele>28</ele>
						<time>2024-05-17T00:18:32Z</time>
					</trkpt>
					<trkpt lat="48.838040" lon="2.268690">
						<ele>28</ele>
						<time>2024-05-17T00:18:41Z</time>
					</trkpt>
					<trkpt lat="48.838080" lon="2.268680">
						<ele>28</ele>
						<time>2024-05-17T00:18:43Z</time>
					</trkpt>
					<trkpt lat="48.838150" lon="2.268720">
						<ele>28</ele>
						<time>2024-05-17T00:18:47Z</time>
					</trkpt>
					<trkpt lat="48.838340" lon="2.268950">
						<ele>28</ele>
						<time>2024-05-17T00:18:59Z</time>
					</trkpt>
					<trkpt lat="48.838440" lon="2.268990">
						<ele>28</ele>
						<time>2024-05-17T00:19:04Z</time>
					</trkpt>
					<trkpt lat="48.838470" lon="2.269040">
						<ele>28</ele>
						<time>2024-05-17T00:19:06Z</time>
					</trkpt>
					<trkpt lat="48.838520" lon="2.269060">
						<ele>28</ele>
						<time>2024-05-17T00:19:09Z</time>
					</trkpt>
					<trkpt lat="48.839200" lon="2.269730">
						<ele>32</ele>
						<time>2024-05-17T00:19:49Z</time>
					</trkpt>
					<trkpt lat="48.839890" lon="2.270320">
						<ele>34</ele>
						<time>2024-05-17T00:20:29Z</time>
					</trkpt>
					<trkpt lat="48.840230" lon="2.270670">
						<ele>32</ele>
						<time>2024-05-17T00:20:49Z</time>
					</trkpt>
					<trkpt lat="48.840400" lon="2.271060">
						<ele>30</ele>
						<time>2024-05-17T00:21:05Z</time>
					</trkpt>
					<trkpt lat="48.841090" lon="2.271750">
						<ele>30</ele>
						<time>2024-05-17T00:21:46Z</time>
					</trkpt>
					<trkpt lat="48.841180" lon="2.271820">
						<ele>31</ele>
						<time>2024-05-17T00:21:51Z</time>
					</trkpt>
					<trkpt lat="48.841320" lon="2.271790">
						<ele>31</ele>
						<time>2024-05-17T00:21:58Z</time>
					</trkpt>
					<trkpt lat="48.841330" lon="2.271820">
						<ele>31</ele>
						<time>2024-05-17T00:21:59Z</time>
					</trkpt>
					<trkpt lat="48.841460" lon="2.271840">
						<ele>31</ele>
						<time>2024-05-17T00:22:06Z</time>
					</trkpt>
					<trkpt lat="48.841920" lon="2.272080">
						<ele>33</ele>
						<time>2024-05-17T00:22:30Z</time>
					</trkpt>
					<trkpt lat="48.842410" lon="2.272620">
						<ele>33</ele>
						<time>2024-05-17T00:23:01Z</time>
					</trkpt>
					<trkpt lat="48.842490" lon="2.272950">
						<ele>31</ele>
						<time>2024-05-17T00:23:12Z</time>
					</trkpt>
					<trkpt lat="48.843890" lon="2.274290">
						<ele>30</ele>
						<time>2024-05-17T00:24:35Z</time>
					</trkpt>
					<trkpt lat="48.845370" lon="2.275650">
						<ele>31</ele>
						<time>2024-05-17T00:26:01Z</time>
					</trkpt>
					<trkpt lat="48.845580" lon="2.275730">
						<ele>30</ele>
						<time>2024-05-17T00:26:12Z</time>
					</trkpt>
					<trkpt lat="48.846460" lon="2.276740">
						<ele>30</ele>
						<time>2024-05-17T00:27:08Z</time>
					</trkpt>
					<trkpt lat="48.847030" lon="2.277510">
						<ele>27</ele>
						<time>2024-05-17T00:27:46Z</time>
					</trkpt>
					<trkpt lat="48.847050" lon="2.277630">
						<ele>26</ele>
						<time>2024-05-17T00:27:50Z</time>
					</trkpt>
					<trkpt lat="48.848330" lon="2.279520">
						<ele>32</ele>
						<time>2024-05-17T00:29:19Z</time>
					</trkpt>
					<trkpt lat="48.848570" lon="2.279920">
						<ele>35</ele>
						<time>2024-05-17T00:29:37Z</time>
					</trkpt>
					<trkpt lat="48.848960" lon="2.280460">
						<ele>34</ele>
						<time>2024-05-17T00:30:03Z</time>
					</trkpt>
					<trkpt lat="48.849160" lon="2.280600">
						<ele>32</ele>
						<time>2024-05-17T00:30:14Z</time>
					</trkpt>
					<trkpt lat="48.849390" lon="2.280890">
						<ele>30</ele>
						<time>2024-05-17T00:30:29Z</time>
					</trkpt>
					<trkpt lat="48.849720" lon="2.281140">
						<ele>28</ele>
						<time>2024-05-17T00:30:48Z</time>
					</trkpt>
					<trkpt lat="48.849830" lon="2.281350">
						<ele>28</ele>
						<time>2024-05-17T00:30:57Z</time>
					</trkpt>
					<trkpt lat="48.849920" lon="2.281660">
						<ele>28</ele>
						<time>2024-05-17T00:31:08Z</time>
					</trkpt>
					<trkpt lat="48.850260" lon="2.282160">
						<ele>30</ele>
						<time>2024-05-17T00:31:31Z</time>
					</trkpt>
					<trkpt lat="48.850260" lon="2.282210">
						<ele>30</ele>
						<time>2024-05-17T00:31:33Z</time>
					</trkpt>
					<trkpt lat="48.850230" lon="2.282250">
						<ele>30</ele>
						<time>2024-05-17T00:31:35Z</time>
					</trkpt>
					<trkpt lat="48.850200" lon="2.282240">
						<ele>30</ele>
						<time>2024-05-17T00:31:37Z</time>
					</trkpt>
					<trkpt lat="48.849870" lon="2.281790">
						<ele>29</ele>
						<time>2024-05-17T00:31:59Z</time>
					</trkpt>
					<trkpt lat="48.849800" lon="2.281640">
						<ele>29</ele>
						<time>2024-05-17T00:32:05Z</time>
					</trkpt>
					<trkpt lat="48.849700" lon="2.281510">
						<ele>29</ele>
						<time>2024-05-17T00:32:11Z</time>
					</trkpt>
					<trkpt lat="48.849680" lon="2.281370">
						<ele>29</ele>
						<time>2024-05-17T00:32:16Z</time>
					</trkpt>
					<trkpt lat="48.849740" lon="2.281300">
						<ele>28</ele>
						<time>2024-05-17T00:32:20Z</time>
					</trkpt>
					<trkpt lat="48.850090" lon="2.280640">
						<ele>27</ele>
						<time>2024-05-17T00:32:48Z</time>
					</trkpt>
					<trkpt lat="48.850350" lon="2.280250">
						<ele>29</ele>
						<time>2024-05-17T00:33:06Z</time>
					</trkpt>
					<trkpt lat="48.850370" lon="2.280240">
						<ele>29</ele>
						<time>2024-05-17T00:33:07Z</time>
					</trkpt>
					<trkpt lat="48.850430" lon="2.280290">
						<ele>29</ele>
						<time>2024-05-17T00:33:11Z</time>
					</trkpt>
					<trkpt lat="48.850570" lon="2.280530">
						<ele>29</ele>
						<time>2024-05-17T00:33:21Z</time>
					</trkpt>
					<trkpt lat="48.850690" lon="2.280670">
						<ele>30</ele>
						<time>2024-05-17T00:33:29Z</time>
					</trkpt>
					<trkpt lat="48.851220" lon="2.281460">
						<ele>32</ele>
						<time>2024-05-17T00:34:06Z</time>
					</trkpt>
					<trkpt lat="48.851430" lon="2.281720">
						<ele>32</ele>
						<time>2024-05-17T00:34:19Z</time>
					</trkpt>
					<trkpt lat="48.852140" lon="2.282770">
						<ele>28</ele>
						<time>2024-05-17T00:35:09Z</time>
					</trkpt>
					<trkpt lat="48.852290" lon="2.283030">
						<ele>28</ele>
						<time>2024-05-17T00:35:20Z</time>
					</trkpt>
					<trkpt lat="48.852870" lon="2.283780">
						<ele>27</ele>
						<time>2024-05-17T00:35:58Z</time>
					</trkpt>
					<trkpt lat="48.853700" lon="2.284990">
						<ele>32</ele>
						<time>2024-05-17T00:36:56Z</time>
					</trkpt>
					<trkpt lat="48.854000" lon="2.285380">
						<ele>34</ele>
						<time>2024-05-17T00:37:16Z</time>
					</trkpt>
					<trkpt lat="48.854700" lon="2.286420">
						<ele>31</ele>
						<time>2024-05-17T00:38:05Z</time>
					</trkpt>
					<trkpt lat="48.855040" lon="2.286850">
						<ele>31</ele>
						<time>2024-05-17T00:38:27Z</time>
					</trkpt>
					<trkpt lat="48.855510" lon="2.287540">
						<ele>33</ele>
						<time>2024-05-17T00:39:00Z</time>
					</trkpt>
					<trkpt lat="48.855500" lon="2.287700">
						<ele>33</ele>
						<time>2024-05-17T00:39:05Z</time>
					</trkpt>
					<trkpt lat="48.854850" lon="2.288300">
						<ele>37</ele>
						<time>2024-05-17T00:39:43Z</time>
					</trkpt>
					<trkpt lat="48.854730" lon="2.288460">
						<ele>38</ele>
						<time>2024-05-17T00:39:51Z</time>
					</trkpt>
					<trkpt lat="48.854900" lon="2.288610">
						<ele>38</ele>
						<time>2024-05-17T00:40:01Z</time>
					</trkpt>
					<trkpt lat="48.855610" lon="2.289090">
						<ele>31</ele>
						<time>2024-05-17T00:40:40Z</time>
					</trkpt>
					<trkpt lat="48.856130" lon="2.289310">
						<ele>31</ele>
						<time>2024-05-17T00:41:07Z</time>
					</trkpt>
					<trkpt lat="48.856760" lon="2.289520">
						<ele>36</ele>
						<time>2024-05-17T00:41:39Z</time>
					</trkpt>
					<trkpt lat="48.857190" lon="2.289790">
						<ele>33</ele>
						<time>2024-05-17T00:42:02Z</time>
					</trkpt>
					<trkpt lat="48.857640" lon="2.290210">
						<ele>31</ele>
						<time>2024-05-17T00:42:29Z</time>
					</trkpt>
					<trkpt lat="48.858810" lon="2.291690">
						<ele>30</ele>
						<time>2024-05-17T00:43:45Z</time>
					</trkpt>
					<trkpt lat="48.858960" lon="2.291960">
						<ele>31</ele>
						<time>2024-05-17T00:43:56Z</time>
					</trkpt>
					<trkpt lat="48.858970" lon="2.292400">
						<ele>33</ele>
						<time>2024-05-17T00:44:11Z</time>
					</trkpt>
					<trkpt lat="48.859110" lon="2.292610">
						<ele>33</ele>
						<time>2024-05-17T00:44:21Z</time>
					</trkpt>
					<trkpt lat="48.859150" lon="2.292930">
						<ele>36</ele>
						<time>2024-05-17T00:44:32Z</time>
					</trkpt>
					<trkpt lat="48.858820" lon="2.293380">
						<ele>40</ele>
						<time>2024-05-17T00:44:54Z</time>
					</trkpt>
					<trkpt lat="48.858700" lon="2.293240">
						<ele>39</ele>
						<time>2024-05-17T00:45:01Z</time>
					</trkpt>
					<trkpt lat="48.858110" lon="2.292370">
						<ele>39</ele>
						<time>2024-05-17T00:45:42Z</time>
					</trkpt>
					<trkpt lat="48.857940" lon="2.292650">
						<ele>41</ele>
						<time>2024-05-17T00:45:55Z</time>
					</trkpt>
					<trkpt lat="48.857560" lon="2.292920">
						<ele>42</ele>
						<time>2024-05-17T00:46:16Z</time>
					</trkpt>
					<trkpt lat="48.857410" lon="2.293110">
						<ele>42</ele>
						<time>2024-05-17T00:46:26Z</time>
					</trkpt>
					<trkpt lat="48.857310" lon="2.293310">
						<ele>41</ele>
						<time>2024-05-17T00:46:34Z</time>
					</trkpt>
					<trkpt lat="48.857230" lon="2.293610">
						<ele>44</ele>
						<time>2024-05-17T00:46:45Z</time>
					</trkpt>
					<trkpt lat="48.857090" lon="2.293970">
						<ele>47</ele>
						<time>2024-05-17T00:46:58Z</time>
					</trkpt>
					<trkpt lat="48.857150" lon="2.294150">
						<ele>49</ele>
						<time>2024-05-17T00:47:05Z</time>
					</trkpt>
					<trkpt lat="48.857250" lon="2.294340">
						<ele>49</ele>
						<time>2024-05-17T00:47:13Z</time>
					</trkpt>
					<trkpt lat="48.857460" lon="2.294600">
						<ele>51</ele>
						<time>2024-05-17T00:47:27Z</time>
					</trkpt>
					<trkpt lat="48.857630" lon="2.294870">
						<ele>53</ele>
						<time>2024-05-17T00:47:39Z</time>
					</trkpt>
					<trkpt lat="48.857720" lon="2.294810">
						<ele>54</ele>
						<time>2024-05-17T00:47:44Z</time>
					</trkpt>
					<trkpt lat="48.857740" lon="2.294710">
						<ele>55</ele>
						<time>2024-05-17T00:47:47Z</time>
					</trkpt>
					<trkpt lat="48.857720" lon="2.294640">
						<ele>55</ele>
						<time>2024-05-17T00:47:50Z</time>
					</trkpt>
					<trkpt lat="48.857630" lon="2.294510">
						<ele>54</ele>
						<time>2024-05-17T00:47:56Z</time>
					</trkpt>
					<trkpt lat="48.857640" lon="2.294470">
						<ele>54</ele>
						<time>2024-05-17T00:47:57Z</time>
					</trkpt>
					<trkpt lat="48.857710" lon="2.294520">
						<ele>55</ele>
						<time>2024-05-17T00:48:01Z</time>
					</trkpt>
					<trkpt lat="48.857900" lon="2.294510">
						<ele>59</ele>
						<time>2024-05-17T00:48:11Z</time>
					</trkpt>
					<trkpt lat="48.857930" lon="2.294470">
						<ele>60</ele>
						<time>2024-05-17T00:48:13Z</time>
					</trkpt>
					<trkpt lat="48.857970" lon="2.294520">
						<ele>60</ele>
						<time>2024-05-17T00:48:15Z</time>
					</trkpt>
					<trkpt lat="48.857950" lon="2.294620">
						<ele>58</ele>
						<time>2024-05-17T00:48:19Z</time>
					</trkpt>
					<trkpt lat="48.858040" lon="2.294770">
						<ele>58</ele>
						<time>2024-05-17T00:48:26Z</time>
					</trkpt>
					</trkseg>
				</trk>
			</gpx>